{
  "definitionName" : "cypress:branding-cypress",
  "id" : "fc0d7bee-1a62-41d1-8379-d719fcc9a1fc",
  "label" : "Cypress",
  "type" : "brandingSet",
  "values" : {
    "ActionColor" : "rgb(0, 61, 165)",
    "BorderColor" : "rgb(215, 214, 214)",
    "CardBackgroundColor" : "rgb(246, 246, 246)",
    "CompanyLogo" : "",
    "DetailTextColor" : "rgb(105, 105, 105)",
    "ErrorFontColor" : "#ff9e9e",
    "HeaderFonts" : "Montserrat",
    "LinkColor" : "rgb(47, 97, 205)",
    "LoginBackgroundColor" : "#F4F4F4",
    "LoginBackgroundImage" : "",
    "OverlayTextColor" : "rgb(255, 255, 255)",
    "PageBackgroundColor" : "rgb(255, 255, 255)",
    "PrimaryFont" : "Lato",
    "TextColor" : "rgb(51, 51, 51)",
    "TextTransformStyle" : "none",
    "_ActionColorDarker" : "#002a72",
    "_ActionColorTrans" : "rgba(0, 61, 165, 0.9)",
    "_BackgroundColor1" : "rgb(235, 235, 235)",
    "_BackgroundColor2" : "rgb(194, 194, 194)",
    "_BackgroundColor3" : "rgb(133, 133, 133)",
    "_DxpPageBackgroundColor" : "#FFFFFF",
    "_HoverColor" : "rgba(0, 61, 165, 0.05)",
    "_LinkColorDarker" : "#2751ac",
    "_NeutralColor" : "#ecebea",
    "_NeutralColor1" : "rgb(217, 215, 213)",
    "_NeutralColor2" : "rgb(178, 174, 170)",
    "_NeutralColor3" : "rgb(118, 113, 107)",
    "_NeutralForegroundColor" : "#000",
    "_NeutralForegroundColor1" : "#000",
    "_NeutralForegroundColor2" : "#000",
    "_NeutralForegroundColor3" : "#fff",
    "_OverlayTextColorShadow" : "#000000",
    "_PrimaryAccentColor1" : "rgb(0, 46, 124)",
    "_PrimaryAccentColor2" : "rgb(0, 16, 43)",
    "_PrimaryAccentColor3" : "rgb(0, 0, 0)",
    "_PrimaryAccentForegroundColor1" : "rgb(255, 255, 255)",
    "_PrimaryAccentForegroundColor2" : "rgb(255, 255, 255)",
    "_PrimaryAccentForegroundColor3" : "rgb(255, 255, 255)",
    "_TextColor1" : "rgb(31, 31, 31)",
    "_TextColor2" : "rgb(0, 0, 0)",
    "_TextColor3" : "rgb(0, 0, 0)"
  }
}