<?xml version="1.0" encoding="UTF-8"?>
<LightningComponentBundle xmlns="http://soap.sforce.com/2006/04/metadata">
    <apiVersion>56.0</apiVersion>
    <isExposed>true</isExposed>
    <masterLabel>Most Popular Products</masterLabel>
    <targets>
        <target>lightningCommunity__Page</target>
        <target>lightningCommunity__Default</target>
        <target>lightning__AppPage</target>
    </targets>
  <targetConfigs>
        <targetConfig targets="lightningCommunity__Default">
            <property name="effectiveAccountId" type="String" label="Effective Account Id" description="The ID of the account under which the user is acting (BETA)" default="{!CurrentUser.effectiveAccountId}" />
        </targetConfig>
    </targetConfigs>
</LightningComponentBundle>