{
  "activeBrandingSetId" : "ae307629-ebd3-4244-aaf2-aab75556a6a5",
  "customCSS" : "",
  "developerName" : "service",
  "id" : "715aa7fa-910f-4c92-b374-e4772642055b",
  "label" : "Customer Service",
  "layouts" : {
    "Inner" : "78fc888e-d3d6-4a71-b9cd-4d96cef1f44d",
    "Login" : "befafb58-42d5-41b2-8935-4e3b9b79f8cd",
    "ServiceNotAvailable" : "7838b1e3-2722-4317-b1d6-b5611a0b71b5"
  },
  "type" : "theme",
  "views" : [ {
    "componentAttributes" : { },
    "componentName" : "salesforceIdentity:loginBody2",
    "id" : "befafb58-42d5-41b2-8935-4e3b9b79f8cd",
    "label" : "Login",
    "regions" : [ {
      "id" : "0a04b42f-2c08-4926-a170-8813015d7faf",
      "regionName" : "header",
      "type" : "region"
    }, {
      "id" : "c1339084-cb9d-469b-995d-0db2c4342f0a",
      "regionName" : "content",
      "type" : "region"
    }, {
      "id" : "729a1a7f-be4f-4a10-8f72-383d1938d748",
      "regionName" : "footer",
      "type" : "region"
    } ],
    "type" : "view"
  }, {
    "componentAttributes" : {
      "IsDefaultHeaderHidden" : false,
      "IsDefaultNotificationsHidden" : false,
      "fixedPageWidth" : 1140,
      "isPageWidthFixed" : true
    },
    "componentName" : "siteforce:serviceBody",
    "id" : "78fc888e-d3d6-4a71-b9cd-4d96cef1f44d",
    "label" : "Default",
    "regions" : [ {
      "id" : "2d19fa19-d494-4a0f-abab-3fbecd514c45",
      "regionName" : "customHeader",
      "type" : "region"
    }, {
      "components" : [ {
        "componentAttributes" : {
          "contineActionLabel" : "Ask the community",
          "continueLabel" : "Don’t see it?",
          "crossObjectTypeaheadApiNames" : [ {
            "isPublic" : true,
            "name" : "KnowledgeArticleVersion"
          }, {
            "isPublic" : true,
            "name" : "FeedItem"
          }, {
            "isPublic" : false,
            "name" : "Case"
          }, {
            "isPublic" : true,
            "name" : "CollaborationGroup"
          } ],
          "disableCrossObjectRelevance" : false,
          "enableAutocomplete" : true,
          "maxNumberOfResults" : 6,
          "placeholder" : "Search...",
          "questionResultsFirst" : false,
          "showContinueAction" : true,
          "showDetails" : false,
          "showTopics" : true,
          "signInActionLabel" : "Sign in to ask the community"
        },
        "componentName" : "forceCommunity:searchBox",
        "id" : "743df1a5-db08-475c-a744-f109c38977c7",
        "renditionMap" : { },
        "type" : "component"
      } ],
      "id" : "a3d53e4b-e75b-4807-af1a-e60c407a275c",
      "regionName" : "search",
      "type" : "region"
    }, {
      "components" : [ {
        "componentAttributes" : {
          "accountManagementLabel" : "Account Management",
          "communityBuilderLabel" : "Experience Builder",
          "communitySetupLabel" : "Salesforce Setup",
          "contactSupportLabel" : "Contact Support",
          "filterName" : "MyCases",
          "homeLabel" : "Home",
          "includeContactSupport" : true,
          "includeMessages" : false,
          "loginLabel" : "Login",
          "logoutLabel" : "Logout",
          "myAccountLabel" : "My Account",
          "showAccountManagement" : true,
          "showUserSettings" : true,
          "userSettingsLabel" : "My Settings",
          "viewProfileLabel" : "My Profile"
        },
        "componentName" : "selfService:userProfileMenu",
        "id" : "1c0528c6-7c4e-4609-8884-4e6e34377d55",
        "renditionMap" : { },
        "type" : "component"
      } ],
      "id" : "1d7e19f6-e90d-44b1-ac0c-cb9eb3a3bf76",
      "regionName" : "profileMenu",
      "type" : "region"
    }, {
      "components" : [ {
        "componentAttributes" : {
          "NavigationMenuEditorRefresh" : "",
          "hideAppLauncher" : false,
          "hideHomeText" : false
        },
        "componentName" : "forceCommunity:globalNavigation",
        "id" : "841288be-f759-4572-8227-ff9a20f0b9a7",
        "renditionMap" : { },
        "type" : "component"
      } ],
      "id" : "1e03c8ca-1493-4037-9d3b-c4acd75e6adf",
      "regionName" : "navBar",
      "type" : "region"
    }, {
      "id" : "ded05941-ceab-407c-a514-e01025d27cac",
      "regionName" : "customRegion",
      "type" : "region"
    }, {
      "id" : "8bcacb82-4787-4146-b72d-0f17f227ad70",
      "regionName" : "footer",
      "type" : "region"
    } ],
    "type" : "view"
  }, {
    "componentAttributes" : {
      "fixedPageWidth" : 1170,
      "headerBgColor" : "rgba(0, 0, 0, 0)",
      "isHeaderPinned" : false,
      "isHeroUnderHeader" : false,
      "isPageWidthFixed" : true,
      "showHeader" : true,
      "showHero" : true
    },
    "componentName" : "siteforce:themeLayoutStarter",
    "id" : "7838b1e3-2722-4317-b1d6-b5611a0b71b5",
    "label" : "ServiceNotAvailable",
    "regions" : [ {
      "id" : "9c863185-c820-4440-bf51-4976473ef1f1",
      "regionName" : "themeHeader",
      "type" : "region"
    }, {
      "id" : "9f248a0f-5a72-4a87-b093-b4486dd90547",
      "regionName" : "themeFooter",
      "type" : "region"
    } ],
    "type" : "view"
  } ]
}