{
  "activeBrandingSetId" : "fc0d7bee-1a62-41d1-8379-d719fcc9a1fc",
  "customCSS" : ".oneAlohaPage .mask {\n    display: none;\n}",
  "developerName" : "cypress",
  "id" : "5cd9f1f2-3c51-4aa7-88f4-25ec55c518c3",
  "label" : "Cypress",
  "layouts" : {
    "Home" : "9ed2b7d3-14f5-4d4c-ac82-6e6da7b891e2",
    "Inner" : "5805e291-bb4d-43f2-94cc-511b57f39142",
    "Login" : "00dae6f5-2b01-4ffe-9e73-1333efc6a18a",
    "ServiceNotAvailable" : "9db72ff7-a03a-4001-85e8-e0a84a03b9e7"
  },
  "type" : "theme",
  "views" : [ {
    "componentAttributes" : { },
    "componentName" : "salesforceIdentity:loginBody2",
    "id" : "00dae6f5-2b01-4ffe-9e73-1333efc6a18a",
    "label" : "Login",
    "regions" : [ {
      "id" : "6f28fb48-38cc-4838-9f77-343cde53a671",
      "regionName" : "header",
      "type" : "region"
    }, {
      "id" : "fab9bcac-894a-4da4-8b6c-3244437d959b",
      "regionName" : "content",
      "type" : "region"
    }, {
      "id" : "efd572d6-6598-4ecf-893a-289df4b9f84f",
      "regionName" : "footer",
      "type" : "region"
    } ],
    "type" : "view"
  }, {
    "componentAttributes" : {
      "fixedPageWidth" : 1440,
      "headerBgColor" : "rgba(255, 255, 255, 0.8)",
      "isHeaderPinned" : false,
      "isHeroUnderHeader" : false,
      "isPageWidthFixed" : true,
      "showHeader" : true,
      "showHero" : false
    },
    "componentName" : "siteforce:themeLayoutStarter",
    "id" : "5805e291-bb4d-43f2-94cc-511b57f39142",
    "label" : "Default",
    "regions" : [ {
      "components" : [ {
        "componentAttributes" : {
          "background" : "background: rgb(255,255,255) url(/sfsites/c/file-asset/LENOX_CWC_LogoRGB_250_030422?v=1) center left /contain no-repeat",
          "backgroundOverlayColor" : "rgba(0, 0, 0, 0.3)",
          "borderBottomColor" : "rgba(33, 33, 33, 0.15)",
          "centerAlignLogo" : false,
          "collapseNavMenu" : false,
          "containHeader" : true,
          "containHeaderWidth" : 1229,
          "dropdownBackgroundColor" : "rgb(255, 255, 255)",
          "dropdownBackgroundHoverColor" : "",
          "dropdownBorderColor" : "rgb(240, 240, 240)",
          "dropdownTextColor" : "",
          "dropdownTextHoverColor" : "",
          "headerHeight" : 25,
          "linkActiveBorderColor" : "",
          "linkColor" : "rgba(0, 0, 0, 0.8)",
          "linkHoverColor" : "rgba(0, 0, 0, 0.7)",
          "linkTextShadowColor" : "rgba(255, 255, 255, 0)",
          "logoWidth" : 25,
          "searchStyle" : "collapsed",
          "showAppLauncher" : false,
          "showNavMenuOnLeft" : false,
          "showNotifications" : true,
          "showProfileMenu" : true,
          "showSearch" : true
        },
        "componentName" : "forceCommunity:themeHeaderCompact",
        "id" : "94800b7f-8b7f-41e1-95a2-e77cf59a65b8",
        "regions" : [ {
          "components" : [ {
            "componentAttributes" : {
              "buttonBackgroundColor" : "inherit",
              "buttonBackgroundHoverColor" : "inherit",
              "buttonBorderColor" : "transparent",
              "buttonBorderRadius" : 5,
              "buttonText" : "Log in",
              "buttonTextColor" : "#fff",
              "buttonTextHoverColor" : "#0099de",
              "customizableUserProfileMenuEditor" : "Default_User_Profile_Menu",
              "menuStyleSettings" : ""
            },
            "componentName" : "forceCommunity:customizableUserProfileMenu",
            "id" : "53ed5475-bb4d-4de9-8832-5399cd00b5b1",
            "renditionMap" : { },
            "type" : "component"
          } ],
          "id" : "090894e5-8012-4ff3-971d-4c57b76c90c3",
          "regionName" : "themeHeaderProfileMenu",
          "type" : "region"
        }, {
          "components" : [ {
            "componentAttributes" : {
              "backgroundColor" : "rgb(255, 255, 255)",
              "borderColor" : "rgba(0, 0, 0, 0.8)",
              "borderRadius" : 4,
              "borderStyle" : "bottomborder",
              "buttonColor" : "",
              "buttonHoverColor" : "",
              "crossObjectTypeaheadApiNames" : "",
              "iconColor" : "rgba(0, 0, 0, 0.8)",
              "placeholderText" : "Search...",
              "placeholderTextColor" : "rgba(0, 0, 0, 0.6)",
              "showSearchButton" : false,
              "textColor" : "rgba(0, 0, 0, 0.8)",
              "typeaheadResultMax" : 5,
              "useTypeahead" : true
            },
            "componentName" : "forceCommunity:themeSearch",
            "id" : "06bcf936-535e-41d8-a951-281073579f6e",
            "renditionMap" : { },
            "type" : "component"
          } ],
          "id" : "b79db771-3aee-4f99-bd7e-79d2ab47fdda",
          "regionName" : "search",
          "type" : "region"
        }, {
          "components" : [ {
            "componentAttributes" : {
              "navAlignment" : "right",
              "navItemThreshold" : 8,
              "navigationMenuEditorRefresh" : ""
            },
            "componentName" : "forceCommunity:themeNav",
            "id" : "bc07d0e4-5299-4a96-bada-5af9cdce7194",
            "renditionMap" : { },
            "type" : "component"
          } ],
          "id" : "9ea096cf-77cc-406d-9473-acf8c58d9021",
          "regionName" : "nav",
          "type" : "region"
        }, {
          "components" : [ {
            "componentAttributes" : {
              "cartCountType" : "TotalProductCount"
            },
            "componentName" : "b2b_buyer_builder:cartBadge",
            "id" : "a2bdbd4c-db59-42c5-9228-d59145905b33",
            "renditionMap" : { },
            "type" : "component"
          } ],
          "id" : "b4cb1dcb-7d58-40d9-bf13-102dcbeda173",
          "regionName" : "cartIcon",
          "type" : "region"
        } ],
        "renditionMap" : { },
        "type" : "component"
      } ],
      "id" : "857ea861-33e9-432b-99cc-0474db65015e",
      "regionName" : "themeHeader",
      "type" : "region"
    }, {
      "components" : [ {
        "componentAttributes" : {
          "bgImage" : "background: rgb(0,0,0) url(/sfsites/assets/themes/cypress-background.jpg) top center /cover",
          "bgOverlayColor" : "rgba(0, 0, 0, 0.35)",
          "captionText" : "Limited time offer",
          "captionTextColor" : "rgb(255, 255, 255)",
          "captionTextShadowColor" : "rgba(0, 0, 0, 0.5)",
          "contentAlignment" : "center",
          "contentWidth" : 60,
          "ctaBtnOneBgColor" : "",
          "ctaBtnOneBgHoverColor" : "",
          "ctaBtnOneBorderColor" : "rgba(0, 0, 0, 0)",
          "ctaBtnOneOpenNewTab" : false,
          "ctaBtnOneText" : "Learn More",
          "ctaBtnOneTextColor" : "",
          "ctaBtnOneTextHoverColor" : "",
          "ctaBtnOneUrl" : "",
          "ctaBtnRadius" : 4,
          "ctaBtnTwoBgColor" : "rgba(255, 255, 255, 0)",
          "ctaBtnTwoBgHoverColor" : "rgb(255, 255, 255)",
          "ctaBtnTwoBorderColor" : "rgb(255, 255, 255)",
          "ctaBtnTwoOpenNewTab" : false,
          "ctaBtnTwoText" : "Secondary",
          "ctaBtnTwoTextColor" : "rgb(255, 255, 255)",
          "ctaBtnTwoTextHoverColor" : "rgba(0, 0, 0, 0.8)",
          "ctaBtnTwoUrl" : "",
          "ctaShowBtnOne" : true,
          "ctaShowBtnTwo" : false,
          "fixedHeroWidth" : true,
          "heroHeight" : 140,
          "heroWidth" : 1440,
          "showCaption" : true,
          "showSubtitle" : false,
          "showTitle" : true,
          "subtitleText" : "Subtitle Content",
          "subtitleTextColor" : "rgb(255, 255, 255)",
          "subtitleTextShadowColor" : "rgba(0, 0, 0, 0.5)",
          "titleText" : "Collect bonus rewards.",
          "titleTextColor" : "rgb(255, 255, 255)",
          "titleTextShadowColor" : "rgba(0, 0, 0, 0.5)",
          "type" : "callToAction"
        },
        "componentName" : "forceCommunity:themeHeroStarter",
        "id" : "b38a9ad2-53ea-483f-acba-c2a2d36c43fd",
        "regions" : [ {
          "components" : [ {
            "componentAttributes" : {
              "backgroundColor" : "rgb(255, 255, 255)",
              "borderColor" : "rgba(0, 0, 0, 0.5)",
              "borderRadius" : 4,
              "borderStyle" : "outline",
              "buttonColor" : "",
              "buttonHoverColor" : "",
              "crossObjectTypeaheadApiNames" : "",
              "iconColor" : "rgb(255, 255, 255)",
              "placeholderText" : "Ask a question...",
              "placeholderTextColor" : "rgba(0, 0, 0, 0.6)",
              "publicDropdownBackgroundColor" : "rgb(255, 255, 255)",
              "publicDropdownBackgroundHoverColor" : "",
              "publicDropdownBorderColor" : "rgb(240, 240, 240)",
              "publicDropdownTextColor" : "",
              "publicDropdownTextHoverColor" : "",
              "showSearchButton" : true,
              "textColor" : "rgba(0, 0, 0, 0.8)",
              "typeaheadResultMax" : 6,
              "useTypeahead" : true
            },
            "componentName" : "forceCommunity:themeSearchHero",
            "id" : "dab35378-920c-4c7e-bba1-f73b1b4aef8d",
            "renditionMap" : { },
            "type" : "component"
          } ],
          "id" : "b8ebfc95-5bc3-4a0f-983d-671711f92ad1",
          "regionName" : "search",
          "type" : "region"
        } ],
        "renditionMap" : { },
        "type" : "component"
      } ],
      "id" : "8b1d597e-92ef-41c9-b876-6feb1cf39c74",
      "regionName" : "themeHero",
      "type" : "region"
    }, {
      "id" : "1917d66a-abb0-4189-8dc2-e49544eb20f0",
      "regionName" : "themeFooter",
      "type" : "region"
    } ],
    "type" : "view"
  }, {
    "componentAttributes" : {
      "fixedPageWidth" : 1440,
      "headerBgColor" : "rgba(28, 22, 28, 0.9)",
      "isHeaderPinned" : false,
      "isHeroUnderHeader" : false,
      "isPageWidthFixed" : true,
      "showHeader" : true,
      "showHero" : false
    },
    "componentName" : "siteforce:themeLayoutStarter",
    "id" : "9ed2b7d3-14f5-4d4c-ac82-6e6da7b891e2",
    "label" : "Home",
    "regions" : [ {
      "components" : [ {
        "componentAttributes" : {
          "background" : "background: rgb(255,255,255) url(/sfsites/c/file-asset/LENOX_CWC_LogoRGB_250_030422?v=1) center left /contain no-repeat",
          "backgroundOverlayColor" : "rgba(0, 0, 0, 0.3)",
          "borderBottomColor" : "rgba(33, 33, 33, 0.15)",
          "centerAlignLogo" : false,
          "collapseNavMenu" : true,
          "containHeader" : true,
          "containHeaderWidth" : 1003,
          "dropdownBackgroundColor" : "rgb(255, 255, 255)",
          "dropdownBackgroundHoverColor" : "",
          "dropdownBorderColor" : "rgb(240, 240, 240)",
          "dropdownTextColor" : "",
          "dropdownTextHoverColor" : "",
          "headerHeight" : 25,
          "linkActiveBorderColor" : "",
          "linkColor" : "rgba(0, 0, 0, 0.8)",
          "linkHoverColor" : "rgba(0, 0, 0, 0.7)",
          "linkTextShadowColor" : "rgba(255, 255, 255, 0)",
          "logoWidth" : 25,
          "searchStyle" : "collapsed",
          "showAppLauncher" : false,
          "showNavMenuOnLeft" : true,
          "showNotifications" : true,
          "showProfileMenu" : true,
          "showSearch" : true
        },
        "componentName" : "forceCommunity:themeHeaderCompact",
        "id" : "ac2d4499-f1fb-4af0-81db-ee6d45ff2ea1",
        "regions" : [ {
          "components" : [ {
            "componentAttributes" : {
              "buttonBackgroundColor" : "inherit",
              "buttonBackgroundHoverColor" : "inherit",
              "buttonBorderColor" : "transparent",
              "buttonBorderRadius" : 5,
              "buttonText" : "Log in",
              "buttonTextColor" : "#fff",
              "buttonTextHoverColor" : "#0099de",
              "customizableUserProfileMenuEditor" : "Default_User_Profile_Menu",
              "menuStyleSettings" : ""
            },
            "componentName" : "forceCommunity:customizableUserProfileMenu",
            "id" : "bd462f8b-4e2e-409b-b717-6e406b1c3c1a",
            "renditionMap" : { },
            "type" : "component"
          } ],
          "id" : "a95e8d0f-f36b-45f9-81fe-ceae9914922b",
          "regionName" : "themeHeaderProfileMenu",
          "type" : "region"
        }, {
          "components" : [ {
            "componentAttributes" : {
              "backgroundColor" : "rgb(255, 255, 255)",
              "borderColor" : "rgba(0, 0, 0, 0.8)",
              "borderRadius" : 4,
              "borderStyle" : "bottomborder",
              "buttonColor" : "",
              "buttonHoverColor" : "",
              "crossObjectTypeaheadApiNames" : "",
              "iconColor" : "rgba(0, 0, 0, 0.8)",
              "placeholderText" : "Search...",
              "placeholderTextColor" : "rgba(0, 0, 0, 0.6)",
              "showSearchButton" : false,
              "textColor" : "rgba(0, 0, 0, 0.8)",
              "typeaheadResultMax" : 5,
              "useTypeahead" : true
            },
            "componentName" : "forceCommunity:themeSearch",
            "id" : "a9872e51-fd07-4588-840c-5005d24f3092",
            "renditionMap" : { },
            "type" : "component"
          } ],
          "id" : "782ce3f5-790d-4940-8c8e-3edba6e94f16",
          "regionName" : "search",
          "type" : "region"
        }, {
          "components" : [ {
            "componentAttributes" : {
              "navAlignment" : "right",
              "navItemThreshold" : 11,
              "navigationMenuEditorRefresh" : ""
            },
            "componentName" : "forceCommunity:themeNav",
            "id" : "7d4845fc-d163-4206-ab45-c115794d0281",
            "renditionMap" : { },
            "type" : "component"
          } ],
          "id" : "b4025a03-5a27-49f3-9c8d-1c9b957824c6",
          "regionName" : "nav",
          "type" : "region"
        }, {
          "components" : [ {
            "componentAttributes" : {
              "cartCountType" : "TotalProductCount"
            },
            "componentName" : "b2b_buyer_builder:cartBadge",
            "id" : "45da912e-bb68-4c51-8dcc-c5b1d8b43d44",
            "renditionMap" : { },
            "type" : "component"
          } ],
          "id" : "f5b8526c-e4cc-4e26-8d72-af488d84485e",
          "regionName" : "cartIcon",
          "type" : "region"
        } ],
        "renditionMap" : { },
        "type" : "component"
      } ],
      "id" : "c5543c90-53af-4565-b6fa-df72aeb7f43a",
      "regionName" : "themeHeader",
      "type" : "region"
    }, {
      "components" : [ {
        "componentAttributes" : {
          "bgImage" : "background: rgb(0,0,0)",
          "bgOverlayColor" : "rgba(0, 0, 0, 0.35)",
          "captionText" : "Limited time offer",
          "captionTextColor" : "rgb(255, 255, 255)",
          "captionTextShadowColor" : "rgba(0, 0, 0, 0.5)",
          "contentAlignment" : "center",
          "contentWidth" : 60,
          "ctaBtnOneBgColor" : "",
          "ctaBtnOneBgHoverColor" : "",
          "ctaBtnOneBorderColor" : "rgba(0, 0, 0, 0)",
          "ctaBtnOneOpenNewTab" : false,
          "ctaBtnOneText" : "Learn More",
          "ctaBtnOneTextColor" : "",
          "ctaBtnOneTextHoverColor" : "",
          "ctaBtnOneUrl" : "",
          "ctaBtnRadius" : 4,
          "ctaBtnTwoBgColor" : "rgba(255, 255, 255, 0)",
          "ctaBtnTwoBgHoverColor" : "rgb(255, 255, 255)",
          "ctaBtnTwoBorderColor" : "rgb(255, 255, 255)",
          "ctaBtnTwoOpenNewTab" : false,
          "ctaBtnTwoText" : "Secondary",
          "ctaBtnTwoTextColor" : "rgb(255, 255, 255)",
          "ctaBtnTwoTextHoverColor" : "rgba(0, 0, 0, 0.8)",
          "ctaBtnTwoUrl" : "",
          "ctaShowBtnOne" : false,
          "ctaShowBtnTwo" : false,
          "fixedHeroWidth" : true,
          "heroHeight" : 140,
          "heroWidth" : 1613,
          "showCaption" : false,
          "showSubtitle" : false,
          "showTitle" : false,
          "subtitleText" : "Subtitle Content",
          "subtitleTextColor" : "rgb(255, 255, 255)",
          "subtitleTextShadowColor" : "rgba(0, 0, 0, 0.5)",
          "titleText" : "Collect bonus rewards.",
          "titleTextColor" : "rgb(255, 255, 255)",
          "titleTextShadowColor" : "rgba(0, 0, 0, 0.5)",
          "type" : "callToAction"
        },
        "componentName" : "forceCommunity:themeHeroStarter",
        "id" : "ce9dedd2-ad99-4d4c-919d-748228f68554",
        "regions" : [ {
          "components" : [ {
            "componentAttributes" : {
              "backgroundColor" : "rgb(255, 255, 255)",
              "borderColor" : "rgba(0, 0, 0, 0.5)",
              "borderRadius" : 4,
              "borderStyle" : "outline",
              "buttonColor" : "",
              "buttonHoverColor" : "",
              "crossObjectTypeaheadApiNames" : "",
              "iconColor" : "rgb(255, 255, 255)",
              "placeholderText" : "Ask a question...",
              "placeholderTextColor" : "rgba(0, 0, 0, 0.6)",
              "publicDropdownBackgroundColor" : "rgb(255, 255, 255)",
              "publicDropdownBackgroundHoverColor" : "",
              "publicDropdownBorderColor" : "rgb(240, 240, 240)",
              "publicDropdownTextColor" : "",
              "publicDropdownTextHoverColor" : "",
              "showSearchButton" : true,
              "textColor" : "rgba(0, 0, 0, 0.8)",
              "typeaheadResultMax" : 6,
              "useTypeahead" : true
            },
            "componentName" : "forceCommunity:themeSearchHero",
            "id" : "35716d0d-77f1-4a3f-b98f-3825c071e522",
            "renditionMap" : { },
            "type" : "component"
          } ],
          "id" : "f1323d45-2528-420f-b1df-8b80cac66517",
          "regionName" : "search",
          "type" : "region"
        } ],
        "renditionMap" : { },
        "type" : "component"
      } ],
      "id" : "d050f471-73f3-42e1-af65-7736175d4d95",
      "regionName" : "themeHero",
      "type" : "region"
    }, {
      "id" : "712b98bb-1d93-460c-9f38-11fc498eaffc",
      "regionName" : "themeFooter",
      "type" : "region"
    } ],
    "type" : "view"
  }, {
    "componentAttributes" : {
      "fixedPageWidth" : 1440,
      "headerBgColor" : "rgba(0, 0, 0, 0)",
      "isHeaderPinned" : false,
      "isHeroUnderHeader" : false,
      "isPageWidthFixed" : true,
      "showHeader" : true,
      "showHero" : true
    },
    "componentName" : "siteforce:themeLayoutStarter",
    "id" : "9db72ff7-a03a-4001-85e8-e0a84a03b9e7",
    "label" : "ServiceNotAvailable",
    "regions" : [ {
      "id" : "a0abd502-207d-42a8-8ec2-e7e34ff93a93",
      "regionName" : "themeHeader",
      "type" : "region"
    }, {
      "id" : "d26971c0-bfa6-41db-9018-a3bea6541424",
      "regionName" : "themeFooter",
      "type" : "region"
    } ],
    "type" : "view"
  } ]
}