<?xml version="1.0" encoding="UTF-8"?>
<LightningComponentBundle xmlns="http://soap.sforce.com/2006/04/metadata">
    <apiVersion>52.0</apiVersion>
    <isExposed>false</isExposed>

    <masterLabel>LB2B Checkout Account Selector</masterLabel>

    <targets>
        <target>lightningCommunity__Page</target>
        <target>lightningCommunity__Default</target>
    </targets>

    <description>
        Allows users to selected Sold To and Ship To accounts based on their User SAP Account records mapping.
    </description>
</LightningComponentBundle>