{
  "appPageId" : "0e202e3e-344e-4a11-ae78-7debc4d7a3d6",
  "componentName" : "siteforce:sldsOneColLayout",
  "dataProviders" : [ ],
  "id" : "707cb7c9-b08f-4224-988c-943ec881ee7b",
  "label" : "Account Management",
  "regions" : [ {
    "id" : "c8eb2425-65e3-4a24-85fd-38bef332f32a",
    "regionName" : "header",
    "type" : "region"
  }, {
    "components" : [ {
      "componentAttributes" : {
        "tabsetConfig" : {
          "UUID" : "17219781-43b2-49c3-a6c6-440b29de5c5b",
          "activeTab" : "tab1",
          "tabs" : [ {
            "UUID" : "82205b79-8ca0-46d9-a1bc-688afba94c6c",
            "allowGuestUser" : false,
            "locked" : false,
            "seedComponents" : [ {
              "attributes" : {
                "customTitle" : "Members",
                "parentRecordId" : "{!CurrentUser.accountId}",
                "relatedListName" : "Users",
                "showBreadCrumbs" : "false",
                "showCustomTitle" : "true",
                "showManualRefreshButton" : "false",
                "showRowNumbers" : "false"
              },
              "fqn" : "forceCommunity:relatedList"
            } ],
            "tabKey" : "tab1",
            "tabName" : "Members"
          }, {
            "UUID" : "bc1073f6-c6b9-4e9a-9ca6-cfa51352049f",
            "allowGuestUser" : false,
            "locked" : false,
            "seedComponents" : [ {
              "attributes" : {
                "recordId" : "{!CurrentUser.accountId}"
              },
              "fqn" : "forceCommunity:accountBrandRecord"
            } ],
            "tabKey" : "tab2",
            "tabName" : "Branding"
          } ],
          "useOverflowMenu" : false
        }
      },
      "componentName" : "forceCommunity:tabset",
      "id" : "17219781-43b2-49c3-a6c6-440b29de5c5b",
      "regions" : [ {
        "components" : [ {
          "componentAttributes" : {
            "customTitle" : "Members",
            "parentRecordId" : "{!CurrentUser.accountId}",
            "relatedListName" : "Users",
            "showBreadCrumbs" : false,
            "showCustomTitle" : true,
            "showManualRefreshButton" : false,
            "showRowNumbers" : false
          },
          "componentName" : "forceCommunity:relatedList",
          "id" : "5af6b6a9-e529-43b9-a2e5-0916a399ac12",
          "renditionMap" : { },
          "type" : "component"
        } ],
        "id" : "82205b79-8ca0-46d9-a1bc-688afba94c6c",
        "regionLabel" : "Members",
        "regionName" : "tab1",
        "renditionMap" : { },
        "type" : "region"
      }, {
        "components" : [ {
          "componentAttributes" : {
            "recordId" : "{!CurrentUser.accountId}"
          },
          "componentName" : "forceCommunity:accountBrandRecord",
          "id" : "21272b1e-8ccb-4d53-a5b0-a70df609982b",
          "renditionMap" : { },
          "type" : "component"
        } ],
        "id" : "bc1073f6-c6b9-4e9a-9ca6-cfa51352049f",
        "regionLabel" : "Branding",
        "regionName" : "tab2",
        "renditionMap" : { },
        "type" : "region"
      } ],
      "renderPriority" : "NEUTRAL",
      "renditionMap" : { },
      "type" : "component"
    } ],
    "id" : "a32ae7b0-c48b-43e6-ac8d-f2d878c7b186",
    "regionName" : "content",
    "type" : "region"
  }, {
    "id" : "2c3938d6-8853-4369-80e6-cdd9c59766ee",
    "regionName" : "footer",
    "type" : "region"
  }, {
    "components" : [ {
      "componentAttributes" : {
        "customHeadTags" : "",
        "description" : "",
        "title" : "Account Management"
      },
      "componentName" : "forceCommunity:seoAssistant",
      "id" : "cfe7ed1a-f3c6-43cf-9b79-d4e95703e38c",
      "renditionMap" : { },
      "type" : "component"
    } ],
    "id" : "c27d5d2b-7cb5-4d21-bba1-5d61301a511d",
    "regionName" : "sfdcHiddenRegion",
    "type" : "region"
  } ],
  "themeLayoutType" : "Inner",
  "type" : "view",
  "viewType" : "account-management"
}