{
  "appPageId" : "0e202e3e-344e-4a11-ae78-7debc4d7a3d6",
  "componentName" : "siteforce:sldsTwoCol84Layout",
  "dataProviders" : [ ],
  "id" : "4d73ead0-2224-40ea-a61a-ec29e55754d2",
  "label" : "Article Detail",
  "regions" : [ {
    "id" : "ec561634-0f80-49b8-a8d3-c05a9b4f8cfe",
    "regionName" : "header",
    "type" : "region"
  }, {
    "components" : [ {
      "componentAttributes" : {
        "uniqueNameOrId" : "{!urlName}"
      },
      "componentName" : "forceCommunity:breadcrumbs",
      "id" : "8be1c473-93e2-4fb6-b15b-92da0add3d8e",
      "renderPriority" : "NEUTRAL",
      "renditionMap" : { },
      "type" : "component"
    }, {
      "componentAttributes" : {
        "enableVoting" : false,
        "recordId" : "{!recordId}",
        "showTitleInArticleHeader" : true,
        "showTopicPills" : false,
        "urlName" : "{!urlName}"
      },
      "componentName" : "selfService:singleArticleView",
      "id" : "c6ac2005-6675-4fed-9c20-a2b2b66dba56",
      "renderPriority" : "NEUTRAL",
      "renditionMap" : { },
      "type" : "component"
    } ],
    "id" : "23ed727a-a6c8-4192-8212-728a6abe77bc",
    "regionName" : "content",
    "type" : "region"
  }, {
    "id" : "fc2795c9-7179-48fa-b68e-4f130e6d4194",
    "regionName" : "sidebar",
    "type" : "region"
  }, {
    "id" : "ea410238-f58e-4cdc-a70c-3c4d2c325ff2",
    "regionName" : "footer",
    "type" : "region"
  }, {
    "components" : [ {
      "componentAttributes" : {
        "customHeadTags" : "",
        "description" : "{!Record.Summary}",
        "title" : "{!Record._Title}"
      },
      "componentName" : "forceCommunity:seoAssistant",
      "id" : "6e45d232-baed-492a-9c39-121422a17791",
      "renditionMap" : { },
      "type" : "component"
    } ],
    "id" : "3e5cb855-3460-4fb0-8ce3-efb90cfc829d",
    "regionName" : "sfdcHiddenRegion",
    "type" : "region"
  } ],
  "themeLayoutType" : "Inner",
  "type" : "view",
  "viewType" : "article"
}