{
  "appPageId" : "0e202e3e-344e-4a11-ae78-7debc4d7a3d6",
  "componentName" : "siteforce:sldsOneColLayout",
  "dataProviders" : [ ],
  "id" : "4962ae72-6e11-447b-b8b8-847ee4dcfef8",
  "label" : "Case Related List",
  "regions" : [ {
    "id" : "2757426f-b104-40cc-a6c9-cc7da3a6cf05",
    "regionName" : "header",
    "type" : "region"
  }, {
    "components" : [ {
      "componentAttributes" : {
        "customTitle" : "",
        "parentRecordId" : "{!recordId}",
        "relatedListName" : "{!relationshipApiName}",
        "showBreadCrumbs" : true,
        "showCustomTitle" : false,
        "showManualRefreshButton" : true,
        "showRowNumbers" : true
      },
      "componentName" : "forceCommunity:relatedList",
      "id" : "420a9ce3-e5d1-4cfe-ac82-fa34b796fc5b",
      "renderPriority" : "NEUTRAL",
      "renditionMap" : { },
      "type" : "component"
    } ],
    "id" : "05604377-e707-476e-a26c-f9c349ca7ae3",
    "regionName" : "content",
    "type" : "region"
  }, {
    "id" : "5850ef43-b415-468b-a3ad-5291eaed2264",
    "regionName" : "footer",
    "type" : "region"
  } ],
  "themeLayoutType" : "Inner",
  "type" : "view",
  "viewType" : "relatedlist-500"
}