{
  "appPageId" : "0e202e3e-344e-4a11-ae78-7debc4d7a3d6",
  "componentName" : "siteforce:sldsOneColLayout",
  "dataProviders" : [ ],
  "id" : "cae95986-f4b0-4c85-97a9-137a8b00bfbc",
  "label" : "Case Detail",
  "regions" : [ {
    "id" : "d571e838-ba89-4dd0-a29b-52d1df03b6c0",
    "regionName" : "header",
    "type" : "region"
  }, {
    "components" : [ {
      "componentAttributes" : {
        "recordId" : "{!recordId}"
      },
      "componentName" : "forceCommunity:recordHeadline",
      "id" : "a900d202-3672-4186-8f13-8ee1c1b70131",
      "renderPriority" : "NEUTRAL",
      "renditionMap" : { },
      "type" : "component"
    }, {
      "componentAttributes" : {
        "detailsTabLabel" : "Details",
        "discussionsTabLabel" : "Feed",
        "recordId" : "{!recordId}",
        "relatedTabLabel" : "Related",
        "tab1Type" : "details",
        "tab2Type" : "related",
        "tab3Type" : "chatter",
        "tab4Type" : "none",
        "timelineTabLabel" : "Activity"
      },
      "componentName" : "forceCommunity:recordHomeTabs",
      "id" : "1626f9ba-07b3-4ded-a22c-466fd6977ab0",
      "renderPriority" : "NEUTRAL",
      "renditionMap" : { },
      "type" : "component"
    } ],
    "id" : "51861de3-4e8a-4c29-804b-a2ca961efb36",
    "regionName" : "content",
    "type" : "region"
  }, {
    "id" : "fda1bfc0-3023-4d85-9b19-3a2f4f45c69d",
    "regionName" : "footer",
    "type" : "region"
  }, {
    "components" : [ {
      "componentAttributes" : {
        "customHeadTags" : "",
        "description" : "",
        "title" : "{!Record._Object}: {!Record._Title}"
      },
      "componentName" : "forceCommunity:seoAssistant",
      "id" : "99e22897-017a-4509-83b3-b7914db9b458",
      "renditionMap" : { },
      "type" : "component"
    } ],
    "id" : "3e3a00ce-5ba5-4185-ac79-4f72812ba183",
    "regionName" : "sfdcHiddenRegion",
    "type" : "region"
  } ],
  "themeLayoutType" : "Inner",
  "type" : "view",
  "viewType" : "detail-500"
}