{
  "appPageId" : "0e202e3e-344e-4a11-ae78-7debc4d7a3d6",
  "componentName" : "siteforce:sldsTwoCol66Layout",
  "dataProviders" : [ ],
  "id" : "ba3c362c-e3c7-4832-91c4-edd669e1fb3a",
  "label" : "Contact Support",
  "regions" : [ {
    "id" : "71524ecd-44b0-4006-b2a8-1eddb267a22e",
    "regionName" : "header",
    "type" : "region"
  }, {
    "components" : [ {
      "componentAttributes" : {
        "allowAttachments" : true,
        "attachmentLabel" : "Upload File",
        "buttonAlignment" : "center",
        "buttonBgColor" : "",
        "buttonBgHoverColor" : "",
        "buttonBorderColor" : "",
        "buttonMaxWidth" : "",
        "buttonRadius" : 0,
        "buttonTextColor" : "",
        "buttonTextHoverColor" : "",
        "callToAction" : false,
        "callToActionButtonText" : "",
        "callToActionText" : "",
        "callToActionUrl" : "",
        "confirmationSubtext" : "We’ll get back to you soon.",
        "confirmationText" : "Your case was created.",
        "guestQuickActionName" : "GuestCommunityCase",
        "headerSubtitle" : "Tell us how we can help.",
        "headerTitle" : "Contact Customer Support",
        "quickActionName" : "NewCommunityCase",
        "requestSummaryText" : "Case summary"
      },
      "componentName" : "forceCommunity:contactSupportForm",
      "id" : "3fdd8f2b-15f7-4f78-9eb7-4763a59a845e",
      "renderPriority" : "NEUTRAL",
      "renditionMap" : { },
      "type" : "component"
    } ],
    "id" : "2eace05c-d759-400d-8c60-0604ddaa28a9",
    "regionName" : "content",
    "type" : "region"
  }, {
    "components" : [ {
      "componentAttributes" : {
        "askConfirmationQuestion" : true,
        "confirmationMessageLabel" : "Got it!",
        "deflectionSubtitle" : "Find what you need here.",
        "deflectionTitle" : "Need Answers Fast?",
        "firstQuestion" : "Did this content solve your issue?",
        "maxResults" : 6,
        "measureDeflection" : true,
        "redirectUrl" : "",
        "secondQuestion" : "Stop creating your case?",
        "showArticles" : true,
        "showDiscussions" : false,
        "topicId" : ""
      },
      "componentName" : "forceCommunity:caseDeflection",
      "id" : "779bc8d1-2672-415a-be37-669d2fb34950",
      "renderPriority" : "NEUTRAL",
      "renditionMap" : { },
      "type" : "component"
    } ],
    "id" : "74297374-2f17-4d86-87cd-39290b78166d",
    "regionName" : "sidebar",
    "type" : "region"
  }, {
    "id" : "570aa26f-54db-41fb-adfb-603f83f09755",
    "regionName" : "footer",
    "type" : "region"
  }, {
    "components" : [ {
      "componentAttributes" : {
        "customHeadTags" : "",
        "description" : "",
        "title" : "Contact Support"
      },
      "componentName" : "forceCommunity:seoAssistant",
      "id" : "3c1289db-203b-49a7-ab1a-710ba7763a82",
      "renditionMap" : { },
      "type" : "component"
    } ],
    "id" : "c735a90c-2255-4aec-8891-064f92251c25",
    "regionName" : "sfdcHiddenRegion",
    "type" : "region"
  } ],
  "themeLayoutType" : "Inner",
  "type" : "view",
  "viewType" : "contactsupport"
}