{
  "appPageId" : "0e202e3e-344e-4a11-ae78-7debc4d7a3d6",
  "componentName" : "siteforce:sldsOneColLayout",
  "dataProviders" : [ ],
  "id" : "e77aecd8-488d-46b8-800d-64630ead8865",
  "label" : "Create Record",
  "regions" : [ {
    "id" : "e90c7597-9959-4451-b1bb-641931521b9a",
    "regionName" : "header",
    "type" : "region"
  }, {
    "components" : [ {
      "componentAttributes" : {
        "actionApiName" : "{!actionApiName}"
      },
      "componentName" : "forceCommunity:createRecordForm",
      "id" : "4bed7b6e-9404-426c-a51a-69f9badbee99",
      "renderPriority" : "NEUTRAL",
      "renditionMap" : { },
      "type" : "component"
    } ],
    "id" : "be06412e-1086-4f00-901e-a8aa51fba881",
    "regionName" : "content",
    "type" : "region"
  }, {
    "id" : "f1014f3a-b6c7-426d-98f4-f7e95f31e5ee",
    "regionName" : "footer",
    "type" : "region"
  } ],
  "themeLayoutType" : "Inner",
  "type" : "view",
  "viewType" : "createrecord"
}