{
  "appPageId" : "0e202e3e-344e-4a11-ae78-7debc4d7a3d6",
  "componentName" : "siteforce:sldsOneColLayout",
  "dataProviders" : [ ],
  "id" : "c18f16a0-bc88-40c2-bb47-5d2ca851c0a8",
  "label" : "Dashboard List",
  "regions" : [ {
    "id" : "51aba628-01b1-4183-867f-05c31b2832bb",
    "regionName" : "header",
    "type" : "region"
  }, {
    "components" : [ {
      "componentAttributes" : { },
      "componentName" : "forceCommunity:dashboardList",
      "id" : "a3c96a46-2b59-4891-9a4a-63ff4e4f0b21",
      "renderPriority" : "NEUTRAL",
      "renditionMap" : { },
      "type" : "component"
    } ],
    "id" : "a912940e-2057-4a2d-8dad-c9ac22b3a132",
    "regionName" : "content",
    "type" : "region"
  }, {
    "id" : "9405cd52-48f3-471e-b417-b4c7f024636c",
    "regionName" : "footer",
    "type" : "region"
  } ],
  "themeLayoutType" : "Inner",
  "type" : "view",
  "viewType" : "list-01Z"
}