{
  "appPageId" : "0e202e3e-344e-4a11-ae78-7debc4d7a3d6",
  "componentName" : "siteforce:sldsOneColLayout",
  "dataProviders" : [ ],
  "id" : "6d4c6869-11bd-40a8-8447-dd8dc954b526",
  "label" : "Dashboard Related List",
  "regions" : [ {
    "id" : "d9b1d84d-bc48-45bd-86c5-8ac24a62d9c3",
    "regionName" : "header",
    "type" : "region"
  }, {
    "components" : [ {
      "componentAttributes" : {
        "customTitle" : "",
        "parentRecordId" : "{!recordId}",
        "relatedListName" : "{!relationshipApiName}",
        "showBreadCrumbs" : true,
        "showCustomTitle" : false,
        "showManualRefreshButton" : true,
        "showRowNumbers" : true
      },
      "componentName" : "forceCommunity:relatedList",
      "id" : "e1ceab67-5e06-42d4-9357-709a8b639b67",
      "renderPriority" : "NEUTRAL",
      "renditionMap" : { },
      "type" : "component"
    } ],
    "id" : "4cfe68f9-1141-4422-b75a-63212eadb31d",
    "regionName" : "content",
    "type" : "region"
  }, {
    "id" : "7a72a2c7-2ccd-4e25-8c96-55f70a669d70",
    "regionName" : "footer",
    "type" : "region"
  } ],
  "themeLayoutType" : "Inner",
  "type" : "view",
  "viewType" : "relatedlist-01Z"
}