{
  "appPageId" : "0e202e3e-344e-4a11-ae78-7debc4d7a3d6",
  "componentName" : "siteforce:sldsOneColLayout",
  "dataProviders" : [ ],
  "id" : "3ee6fdc4-44b1-4958-a55c-70bfd3c3562e",
  "label" : "Error",
  "regions" : [ {
    "id" : "60035cc5-4e71-46f6-8a1e-8ff0cb257dcb",
    "regionName" : "header",
    "type" : "region"
  }, {
    "components" : [ {
      "componentAttributes" : {
        "richTextValue" : "<div style='text-align: center;'>Invalid Page</div>"
      },
      "componentName" : "forceCommunity:richTextInline",
      "id" : "5c890ab8-77d7-4b3c-befa-1b21bb8777bd",
      "renderPriority" : "NEUTRAL",
      "renditionMap" : { },
      "type" : "component"
    } ],
    "id" : "cc00e3a1-76bf-4c2d-a272-d3d097e29e1c",
    "regionName" : "content",
    "type" : "region"
  }, {
    "id" : "a300c3cc-ab88-47cf-8162-e1aa4e2a7704",
    "regionName" : "footer",
    "type" : "region"
  }, {
    "components" : [ {
      "componentAttributes" : {
        "customHeadTags" : "",
        "description" : "",
        "title" : "Error"
      },
      "componentName" : "forceCommunity:seoAssistant",
      "id" : "01f52509-cb80-47bc-880d-eb6c6d34f38b",
      "renditionMap" : { },
      "type" : "component"
    } ],
    "id" : "4e58cb25-5831-4bc7-ac92-7516d29b02cc",
    "regionName" : "sfdcHiddenRegion",
    "type" : "region"
  } ],
  "themeLayoutType" : "Inner",
  "type" : "view",
  "viewType" : "error"
}