{
  "appPageId" : "0e202e3e-344e-4a11-ae78-7debc4d7a3d6",
  "componentName" : "siteforce:sldsOneColLayout",
  "dataProviders" : [ ],
  "id" : "e701314f-6373-453e-b0a4-b090dd0e5372",
  "label" : "Feed Detail",
  "regions" : [ {
    "id" : "44e867e6-7220-40a5-b8dc-ebbe07fae60a",
    "regionName" : "header",
    "type" : "region"
  }, {
    "components" : [ {
      "componentAttributes" : {
        "id" : "{!recordId}"
      },
      "componentName" : "forceCommunity:feedItemDetail",
      "id" : "17876b4d-b546-419e-abea-1b74335dd7c8",
      "renderPriority" : "NEUTRAL",
      "renditionMap" : { },
      "type" : "component"
    } ],
    "id" : "97fcaacf-aa6c-4c86-979f-a4a957c532de",
    "regionName" : "content",
    "type" : "region"
  }, {
    "id" : "f1066697-2b6e-4314-807e-e502aacaea8f",
    "regionName" : "footer",
    "type" : "region"
  } ],
  "themeLayoutType" : "Inner",
  "type" : "view",
  "viewType" : "feeditem-generic"
}