{
  "appPageId" : "0e202e3e-344e-4a11-ae78-7debc4d7a3d6",
  "componentName" : "siteforce:sldsOneColLayout",
  "dataProviders" : [ ],
  "id" : "deca7f64-0db4-49cc-8d8e-f0ce94b1805d",
  "label" : "File Detail",
  "regions" : [ {
    "id" : "63d018fb-3687-4f94-be85-2bbbbfb9f257",
    "regionName" : "header",
    "type" : "region"
  }, {
    "components" : [ {
      "componentAttributes" : { },
      "componentName" : "forceCommunity:fileDetailPage",
      "id" : "40a97f54-9a34-435a-b728-1c007db2af32",
      "renderPriority" : "NEUTRAL",
      "renditionMap" : { },
      "type" : "component"
    } ],
    "id" : "eee971fd-49be-4124-ab45-e91f60811d6e",
    "regionName" : "content",
    "type" : "region"
  }, {
    "id" : "26a3a250-a7e3-42fb-8a90-1ec86582376d",
    "regionName" : "footer",
    "type" : "region"
  } ],
  "themeLayoutType" : "Inner",
  "type" : "view",
  "viewType" : "detail-069"
}