{
  "appPageId" : "0e202e3e-344e-4a11-ae78-7debc4d7a3d6",
  "componentName" : "siteforce:sldsOneColLayout",
  "dataProviders" : [ ],
  "id" : "343a0265-6704-4a0a-a0b2-1dc1cf4e6991",
  "label" : "File Related List",
  "regions" : [ {
    "id" : "04b918b9-d116-4aa5-8106-8cafdd0ddaf4",
    "regionName" : "header",
    "type" : "region"
  }, {
    "components" : [ {
      "componentAttributes" : {
        "customTitle" : "",
        "parentRecordId" : "{!recordId}",
        "relatedListName" : "{!relationshipApiName}",
        "showBreadCrumbs" : true,
        "showCustomTitle" : false,
        "showManualRefreshButton" : true,
        "showRowNumbers" : true
      },
      "componentName" : "forceCommunity:relatedList",
      "id" : "834093d7-4d84-4efe-8d4b-f31fbb692f16",
      "renderPriority" : "NEUTRAL",
      "renditionMap" : { },
      "type" : "component"
    } ],
    "id" : "17edcb23-2684-4dbb-9f76-801178a4e5a3",
    "regionName" : "content",
    "type" : "region"
  }, {
    "id" : "bd37ec08-f4a3-4e55-a71c-9eed55f0ac51",
    "regionName" : "footer",
    "type" : "region"
  } ],
  "themeLayoutType" : "Inner",
  "type" : "view",
  "viewType" : "relatedlist-069"
}