{
  "appPageId" : "0e202e3e-344e-4a11-ae78-7debc4d7a3d6",
  "componentName" : "siteforce:sldsOneColLayout",
  "dataProviders" : [ ],
  "id" : "29be60df-2e20-4802-93eb-1323778370ce",
  "label" : "File List",
  "regions" : [ {
    "id" : "11a23cd4-5e3b-4b9a-8258-945cb0dd27fc",
    "regionName" : "header",
    "type" : "region"
  }, {
    "components" : [ {
      "componentAttributes" : {
        "pageSize" : 25
      },
      "componentName" : "forceCommunity:filesList",
      "id" : "caf75a99-74a1-4e6d-a216-80510e01db21",
      "renderPriority" : "NEUTRAL",
      "renditionMap" : { },
      "type" : "component"
    } ],
    "id" : "c8427265-b316-42fe-a8f5-a59b803c5f41",
    "regionName" : "content",
    "type" : "region"
  }, {
    "id" : "442299d5-2976-4050-9e4d-642cdc8dd1c8",
    "regionName" : "footer",
    "type" : "region"
  } ],
  "themeLayoutType" : "Inner",
  "type" : "view",
  "viewType" : "list-069"
}