{
  "appPageId" : "0e202e3e-344e-4a11-ae78-7debc4d7a3d6",
  "componentName" : "siteforce:sldsOneColLayout",
  "dataProviders" : [ ],
  "id" : "e493c9b5-b2b1-4543-8405-11e1f4b81c9b",
  "label" : "Flow",
  "regions" : [ {
    "id" : "0f51af4b-c558-4943-ba0a-1bb7c19bc53c",
    "regionName" : "header",
    "type" : "region"
  }, {
    "components" : [ {
      "componentAttributes" : {
        "flowArguments" : "",
        "flowName" : "{!flowName}"
      },
      "componentName" : "forceCommunity:flowCommunity",
      "id" : "24b9718a-7788-4a61-88d1-a49cb6d90f95",
      "renderPriority" : "NEUTRAL",
      "renditionMap" : { },
      "type" : "component"
    } ],
    "id" : "48e97484-229b-45c0-a16f-198efa277bf2",
    "regionName" : "content",
    "type" : "region"
  }, {
    "id" : "5dc7002e-120e-43e9-82b4-ffa0a7d8143f",
    "regionName" : "footer",
    "type" : "region"
  } ],
  "themeLayoutType" : "Inner",
  "type" : "view",
  "viewType" : "flow"
}