{
  "appPageId" : "0e202e3e-344e-4a11-ae78-7debc4d7a3d6",
  "componentName" : "siteforce:sldsOneColLayout",
  "dataProviders" : [ ],
  "id" : "f6d791d8-3606-4ffe-9c0b-77ca3cdec4ab",
  "label" : "Group List",
  "regions" : [ {
    "id" : "3d07b131-f4dd-488e-98c1-4cc6deceb5a5",
    "regionName" : "header",
    "type" : "region"
  }, {
    "components" : [ {
      "componentAttributes" : { },
      "componentName" : "forceCommunity:groupObjectHome",
      "id" : "d17b58e5-e9de-432f-9441-04dddc1957fc",
      "renderPriority" : "NEUTRAL",
      "renditionMap" : { },
      "type" : "component"
    } ],
    "id" : "866be31d-69d1-4e1b-be7b-d6234f6f3d28",
    "regionName" : "content",
    "type" : "region"
  }, {
    "id" : "fe4d95dc-80ac-414c-91a5-6022f0939534",
    "regionName" : "footer",
    "type" : "region"
  } ],
  "themeLayoutType" : "Inner",
  "type" : "view",
  "viewType" : "list-0F9"
}