{
  "appPageId" : "0e202e3e-344e-4a11-ae78-7debc4d7a3d6",
  "componentName" : "siteforce:sldsOneColLayout",
  "dataProviders" : [ ],
  "id" : "eebdc16d-a830-4f36-96cf-0b1cd2e84b6c",
  "label" : "Group Detail",
  "regions" : [ {
    "id" : "9575ed8b-8136-44bb-8882-eb983844bb46",
    "regionName" : "header",
    "type" : "region"
  }, {
    "components" : [ {
      "componentAttributes" : {
        "detailsTabLabel" : "Details",
        "engagementManagersOnly" : false,
        "engagementTabLabel" : "Engagement",
        "feedTabLabel" : "Feed",
        "recordId" : "{!recordId}",
        "relatedTabLabel" : "Related"
      },
      "componentName" : "forceCommunity:groupRecordHomeTabs",
      "id" : "7f632ea2-b988-4eb7-a2b9-f5dfe7036e56",
      "renderPriority" : "NEUTRAL",
      "renditionMap" : { },
      "type" : "component"
    } ],
    "id" : "b18f343c-abf4-4f13-833d-e69184ec6b80",
    "regionName" : "content",
    "type" : "region"
  }, {
    "id" : "6caf27bd-2d23-4e2c-8fad-d83f940ff2d0",
    "regionName" : "footer",
    "type" : "region"
  }, {
    "components" : [ {
      "componentAttributes" : {
        "customHeadTags" : "",
        "description" : "",
        "title" : "{!Record._Object}: {!Record._Title}"
      },
      "componentName" : "forceCommunity:seoAssistant",
      "id" : "6a4b123d-e184-4961-9256-636723c0d865",
      "renditionMap" : { },
      "type" : "component"
    } ],
    "id" : "48d1260e-1363-4f0e-a531-3f1d52984c41",
    "regionName" : "sfdcHiddenRegion",
    "type" : "region"
  } ],
  "themeLayoutType" : "Inner",
  "type" : "view",
  "viewType" : "detail-0F9"
}