{
  "appPageId" : "0e202e3e-344e-4a11-ae78-7debc4d7a3d6",
  "componentName" : "siteforce:sldsOneColLayout",
  "dataProviders" : [ ],
  "id" : "ad8fe283-a940-4912-8f2f-7f0c07678e81",
  "label" : "Group Related List",
  "regions" : [ {
    "id" : "2d4fe6a9-7824-40fe-80b3-aab8dbd8329e",
    "regionName" : "header",
    "type" : "region"
  }, {
    "components" : [ {
      "componentAttributes" : {
        "customTitle" : "",
        "parentRecordId" : "{!recordId}",
        "relatedListName" : "{!relationshipApiName}",
        "showBreadCrumbs" : true,
        "showCustomTitle" : false,
        "showManualRefreshButton" : true,
        "showRowNumbers" : true
      },
      "componentName" : "forceCommunity:relatedList",
      "id" : "2eb87917-2ec1-4f04-9d4e-5480137a79fc",
      "renderPriority" : "NEUTRAL",
      "renditionMap" : { },
      "type" : "component"
    } ],
    "id" : "55bbc84b-5754-4929-854f-297659168141",
    "regionName" : "content",
    "type" : "region"
  }, {
    "id" : "2ee95e17-156d-4bdb-ab5d-d36521e5c5a7",
    "regionName" : "footer",
    "type" : "region"
  } ],
  "themeLayoutType" : "Inner",
  "type" : "view",
  "viewType" : "relatedlist-0F9"
}