{
  "appPageId" : "0e202e3e-344e-4a11-ae78-7debc4d7a3d6",
  "componentName" : "siteforce:sldsOneColLayout",
  "dataProviders" : [ ],
  "id" : "6120ad36-7d14-4a8c-a816-79f2f3125233",
  "label" : "Home",
  "regions" : [ {
    "id" : "152485ab-05d9-44f9-965e-9e4a96853940",
    "regionName" : "header",
    "type" : "region"
  }, {
    "id" : "ad54845d-d2d9-4d6b-8bbf-1178a6890f09",
    "regionName" : "featured",
    "type" : "region"
  }, {
    "components" : [ {
      "componentAttributes" : {
        "maxWidth" : 53,
        "overlayColor" : "rgba(0,0,0,0.4)",
        "overlayHoverColor" : "",
        "radius" : 0,
        "showTitle" : false,
        "textAlignment" : "center",
        "textBgColor" : "rgba(0,0,0,0)",
        "textBgHoverColor" : "rgba(0,0,0,0)",
        "textColor" : "rgb(244, 240, 240)",
        "textHoverColor" : "rgb(47, 97, 191)",
        "textPosition" : "bottom center",
        "title" : "Featured Topics"
      },
      "componentName" : "forceTopic:featuredTopics",
      "id" : "724d7886-731c-4544-a767-43ecb58e6d50",
      "renderPriority" : "NEUTRAL",
      "renditionMap" : { },
      "type" : "component"
    } ],
    "id" : "7cd520c0-efcf-43a2-af18-7aa39d27d8df",
    "regionName" : "content",
    "type" : "region"
  }, {
    "id" : "057a283f-cf2d-4adb-8a3f-dbb391db37ea",
    "regionName" : "sidebar",
    "type" : "region"
  }, {
    "components" : [ {
      "componentAttributes" : {
        "richTextValue" : "<p style=\"text-align: right;\"><img class=\"sfdcCbImage\" src=\"{!contentAsset.LENOX_Logo_Tagline_CMYK_FINAL.1}\" style=\"width: 143.516px; height: 57.1719px;\">&nbsp;</p>"
      },
      "componentName" : "forceCommunity:richTextInline",
      "id" : "42c6ddb6-c77c-4f0a-b67c-910e65e1462a",
      "renderPriority" : "NEUTRAL",
      "renditionMap" : { },
      "type" : "component"
    } ],
    "id" : "5e7ec394-9428-4603-a3e1-e92828ee13a8",
    "regionName" : "footer",
    "type" : "region"
  }, {
    "components" : [ {
      "componentAttributes" : {
        "customHeadTags" : "",
        "description" : "",
        "title" : "Home"
      },
      "componentName" : "forceCommunity:seoAssistant",
      "id" : "bc096435-2af7-498b-8912-a347ec3d1840",
      "renditionMap" : { },
      "type" : "component"
    } ],
    "id" : "08050598-8b37-401e-b275-55234f2bdf07",
    "regionName" : "sfdcHiddenRegion",
    "type" : "region"
  } ],
  "themeLayoutType" : "Home",
  "type" : "view",
  "viewType" : "home"
}