{
  "appPageId" : "360cb3f3-a3af-4d71-b111-b7baa7181018",
  "componentName" : "siteforce:sldsOneColLayout",
  "dataProviders" : [ ],
  "id" : "1710d439-55dc-4bdf-bf0a-8e2d63bd9776",
  "label" : "Login Error",
  "regions" : [ {
    "id" : "f14b7441-d1d5-4062-b26d-87003b14266d",
    "regionName" : "header",
    "type" : "region"
  }, {
    "components" : [ {
      "componentAttributes" : {
        "richTextValue" : "<div style=\"text-align: center;\">Invalid Page</div>"
      },
      "componentName" : "forceCommunity:richTextInline",
      "id" : "83c9c252-772a-4cee-add7-e1e3aa9a7dcc",
      "renderPriority" : "NEUTRAL",
      "renditionMap" : { },
      "type" : "component"
    } ],
    "id" : "741a3a7b-f7fa-4512-a276-6e2b456354da",
    "regionName" : "content",
    "type" : "region"
  }, {
    "id" : "21db0a89-7656-4e3c-a447-914ce51dfc39",
    "regionName" : "footer",
    "type" : "region"
  }, {
    "components" : [ {
      "componentAttributes" : {
        "customHeadTags" : "",
        "description" : "",
        "title" : "Login Error"
      },
      "componentName" : "forceCommunity:seoAssistant",
      "id" : "cc6beffd-4d30-4cc3-8744-bf6a53e25cb2",
      "renditionMap" : { },
      "type" : "component"
    } ],
    "id" : "4440d358-8db9-4743-907a-862e90204d49",
    "regionName" : "sfdcHiddenRegion",
    "type" : "region"
  } ],
  "themeLayoutType" : "Login",
  "type" : "view",
  "viewType" : "login-error"
}