{
  "appPageId" : "0e202e3e-344e-4a11-ae78-7debc4d7a3d6",
  "componentName" : "siteforce:dynamicLayout",
  "dataProviders" : [ ],
  "id" : "df05242b-33ec-4878-9b4d-1e98d1ccb8ba",
  "label" : "My Account",
  "regions" : [ {
    "id" : "ac66e909-9667-49a2-bae7-e119bd0b6810",
    "regionName" : "header",
    "type" : "region"
  }, {
    "components" : [ {
      "componentAttributes" : {
        "background" : "background: rgba(0,0,0,0)",
        "backgroundOverlay" : "rgba(0,0,0,0.5)",
        "contentAreaWidth" : 100,
        "sectionConfig" : {
          "UUID" : "970646a3-0364-4f33-a7eb-7240243a0550",
          "columns" : [ {
            "UUID" : "40c4afec-72a7-41fa-8477-94420e739a85",
            "columnKey" : "col1",
            "columnName" : "column 1",
            "columnWidth" : "12",
            "seedComponents" : [ {
              "attributes" : {
                "recordId" : "{!CurrentUser.accountId}",
                "sfdc:identifier" : "forceCommunity_recordHeadline"
              },
              "fqn" : "forceCommunity:recordHeadline"
            }, {
              "attributes" : {
                "recordId" : "{!CurrentUser.accountId}",
                "sfdc:identifier" : "forceCommunity_recordHomeTabs"
              },
              "fqn" : "forceCommunity:recordHomeTabs"
            } ]
          } ]
        },
        "sectionHeight" : 32
      },
      "componentName" : "forceCommunity:section",
      "id" : "970646a3-0364-4f33-a7eb-7240243a0550",
      "regions" : [ {
        "components" : [ {
          "componentAttributes" : {
            "recordId" : "{!CurrentUser.accountId}"
          },
          "componentName" : "forceCommunity:recordHeadline",
          "id" : "56e7fed3-124c-4c9b-b713-f0e8eb22991f",
          "renderPriority" : "NEUTRAL",
          "renditionMap" : { },
          "type" : "component"
        }, {
          "componentAttributes" : {
            "detailsTabLabel" : "Details",
            "discussionsTabLabel" : "Feed",
            "recordId" : "{!CurrentUser.accountId}",
            "relatedTabLabel" : "Related",
            "tab1Type" : "details",
            "tab2Type" : "related",
            "tab3Type" : "chatter",
            "tab4Type" : "none",
            "timelineTabLabel" : "Activity"
          },
          "componentName" : "forceCommunity:recordHomeTabs",
          "id" : "eef1d8ab-4f83-4660-b9a9-35ea0bf572c3",
          "renderPriority" : "NEUTRAL",
          "renditionMap" : { },
          "type" : "component"
        } ],
        "id" : "40c4afec-72a7-41fa-8477-94420e739a85",
        "regionLabel" : "column 1",
        "regionName" : "col1",
        "renditionMap" : { },
        "type" : "region"
      } ],
      "renderPriority" : "NEUTRAL",
      "renditionMap" : { },
      "type" : "component"
    } ],
    "id" : "a6b69541-765d-4955-908a-0b19666dce46",
    "regionName" : "content",
    "type" : "region"
  }, {
    "id" : "e8cbe0c4-500d-40f1-b39b-e7a046e38839",
    "regionName" : "footer",
    "type" : "region"
  } ],
  "themeLayoutType" : "Inner",
  "type" : "view",
  "viewType" : "my-account"
}