{
  "appPageId" : "0e202e3e-344e-4a11-ae78-7debc4d7a3d6",
  "componentName" : "siteforce:sldsOneColLayout",
  "dataProviders" : [ ],
  "id" : "08940957-bbf5-47f6-a7e4-3260d6fd587e",
  "label" : "Quip Docs Related List",
  "regions" : [ {
    "id" : "01157d4d-c167-4db5-a925-c1435cd845d7",
    "regionName" : "header",
    "type" : "region"
  }, {
    "components" : [ {
      "componentAttributes" : {
        "parentRecordId" : "{!recordId}"
      },
      "componentName" : "forceCommunity:relatedQuipItemsView",
      "id" : "9557d804-cbcb-4e7c-aee5-96fd8fe6dabf",
      "renderPriority" : "NEUTRAL",
      "renditionMap" : { },
      "type" : "component"
    } ],
    "id" : "3b109f67-95d8-45b0-9544-0c8100023900",
    "regionName" : "content",
    "type" : "region"
  }, {
    "id" : "fa8309a2-752d-44e9-9826-ec1c390b389d",
    "regionName" : "footer",
    "type" : "region"
  } ],
  "themeLayoutType" : "Inner",
  "type" : "view",
  "viewType" : "extrelated-quip"
}