{
  "appPageId" : "0e202e3e-344e-4a11-ae78-7debc4d7a3d6",
  "componentName" : "siteforce:sldsOneColLayout",
  "dataProviders" : [ ],
  "id" : "b76fc76c-34d4-4d10-a54f-fd0febaccc63",
  "label" : "Record Detail",
  "regions" : [ {
    "id" : "3cfb41e5-7d94-4072-9c60-28f7709f2b29",
    "regionName" : "header",
    "type" : "region"
  }, {
    "components" : [ {
      "componentAttributes" : {
        "recordId" : "{!recordId}"
      },
      "componentName" : "forceCommunity:recordHeadline",
      "id" : "ee194d1a-e768-4f99-9e40-c35b6c3f5999",
      "renderPriority" : "NEUTRAL",
      "renditionMap" : { },
      "type" : "component"
    }, {
      "componentAttributes" : {
        "detailsTabLabel" : "Details",
        "discussionsTabLabel" : "Feed",
        "recordId" : "{!recordId}",
        "relatedTabLabel" : "Related",
        "tab1Type" : "details",
        "tab2Type" : "related",
        "tab3Type" : "chatter",
        "tab4Type" : "none",
        "timelineTabLabel" : "Activity"
      },
      "componentName" : "forceCommunity:recordHomeTabs",
      "id" : "7ee8a814-9827-48b0-bc00-c03fc4b95d54",
      "renderPriority" : "NEUTRAL",
      "renditionMap" : { },
      "type" : "component"
    } ],
    "id" : "ea63e144-ddaa-4f75-a92b-c6cd3cc02ec3",
    "regionName" : "content",
    "type" : "region"
  }, {
    "id" : "97cbab7f-cdcc-4291-8eaa-1881c5994f06",
    "regionName" : "footer",
    "type" : "region"
  }, {
    "components" : [ {
      "componentAttributes" : {
        "customHeadTags" : "",
        "description" : "",
        "title" : "{!Record._Object}: {!Record._Title}"
      },
      "componentName" : "forceCommunity:seoAssistant",
      "id" : "60fc5093-3e8e-40c9-85eb-1f2a15d8e7ae",
      "renditionMap" : { },
      "type" : "component"
    } ],
    "id" : "4612e5ee-a350-4026-bfe7-67c6f8b696b0",
    "regionName" : "sfdcHiddenRegion",
    "type" : "region"
  } ],
  "themeLayoutType" : "Inner",
  "type" : "view",
  "viewType" : "detail"
}