{
  "appPageId" : "0e202e3e-344e-4a11-ae78-7debc4d7a3d6",
  "componentName" : "siteforce:sldsOneColLayout",
  "dataProviders" : [ ],
  "id" : "c5281b07-0282-4cdf-bdd4-4cd3e5c1cfa9",
  "label" : "Related Record List",
  "regions" : [ {
    "id" : "e7db241b-d2c3-4919-9a7c-50e346bbf247",
    "regionName" : "header",
    "type" : "region"
  }, {
    "components" : [ {
      "componentAttributes" : {
        "customTitle" : "",
        "parentRecordId" : "{!recordId}",
        "relatedListName" : "{!relationshipApiName}",
        "showBreadCrumbs" : true,
        "showCustomTitle" : false,
        "showManualRefreshButton" : true,
        "showRowNumbers" : true
      },
      "componentName" : "forceCommunity:relatedList",
      "id" : "886725de-e348-4dc3-be96-0ed44f8b107a",
      "renderPriority" : "NEUTRAL",
      "renditionMap" : { },
      "type" : "component"
    } ],
    "id" : "9b9b34b0-33d4-4a6e-b798-c5c8c030bcec",
    "regionName" : "content",
    "type" : "region"
  }, {
    "id" : "d474db1e-9601-462f-95fb-49ace5912814",
    "regionName" : "footer",
    "type" : "region"
  } ],
  "themeLayoutType" : "Inner",
  "type" : "view",
  "viewType" : "relatedlist"
}