{
  "appPageId" : "0e202e3e-344e-4a11-ae78-7debc4d7a3d6",
  "componentName" : "siteforce:sldsOneColLayout",
  "dataProviders" : [ ],
  "id" : "4ab6b68b-ecfa-4bbe-9a83-f295546e9f14",
  "label" : "Report List",
  "regions" : [ {
    "id" : "052eea43-92b0-4e2a-9e6f-e8aa3b16defb",
    "regionName" : "header",
    "type" : "region"
  }, {
    "components" : [ {
      "componentAttributes" : { },
      "componentName" : "forceCommunity:reportList",
      "id" : "458644df-4588-4bc2-914b-c567f32d8e08",
      "renderPriority" : "NEUTRAL",
      "renditionMap" : { },
      "type" : "component"
    } ],
    "id" : "ec683245-4af5-41ad-9a43-49985752c998",
    "regionName" : "content",
    "type" : "region"
  }, {
    "id" : "f08c9fb6-a8f7-4916-90c1-626504a3d160",
    "regionName" : "footer",
    "type" : "region"
  } ],
  "themeLayoutType" : "Inner",
  "type" : "view",
  "viewType" : "list-00O"
}