{
  "appPageId" : "0e202e3e-344e-4a11-ae78-7debc4d7a3d6",
  "componentName" : "siteforce:sldsOneColLayout",
  "dataProviders" : [ ],
  "id" : "46a9a434-69f1-4cbf-ada8-2ebbe74913db",
  "label" : "Report Related List",
  "regions" : [ {
    "id" : "0f4627fc-4d41-40fd-9958-245fa7ac0771",
    "regionName" : "header",
    "type" : "region"
  }, {
    "components" : [ {
      "componentAttributes" : {
        "customTitle" : "",
        "parentRecordId" : "{!recordId}",
        "relatedListName" : "{!relationshipApiName}",
        "showBreadCrumbs" : true,
        "showCustomTitle" : false,
        "showManualRefreshButton" : true,
        "showRowNumbers" : true
      },
      "componentName" : "forceCommunity:relatedList",
      "id" : "bf850b5f-46fa-47ba-9feb-6037960765ad",
      "renderPriority" : "NEUTRAL",
      "renditionMap" : { },
      "type" : "component"
    } ],
    "id" : "dd0f8b4f-3b8f-46cb-842e-a061d8c60835",
    "regionName" : "content",
    "type" : "region"
  }, {
    "id" : "a7b85305-6eed-43fa-9a7d-016a97af8af1",
    "regionName" : "footer",
    "type" : "region"
  } ],
  "themeLayoutType" : "Inner",
  "type" : "view",
  "viewType" : "relatedlist-00O"
}