{
  "appPageId" : "0e202e3e-344e-4a11-ae78-7debc4d7a3d6",
  "componentName" : "siteforce:sldsOneColLayout",
  "dataProviders" : [ ],
  "id" : "a11f6695-adbf-4c24-943e-d7dcad86b828",
  "label" : "Report Builder",
  "regions" : [ {
    "id" : "2d2168d2-596a-4c84-90ae-f307f9a02c38",
    "regionName" : "header",
    "type" : "region"
  }, {
    "components" : [ {
      "componentAttributes" : {
        "recordId" : "{!recordId}"
      },
      "componentName" : "forceCommunity:reportBuilder",
      "id" : "081f0105-68eb-4fd1-b73f-c57840c7d87a",
      "renderPriority" : "NEUTRAL",
      "renditionMap" : { },
      "type" : "component"
    } ],
    "id" : "850dd98a-de86-436c-aef1-83d0ac870290",
    "regionName" : "content",
    "type" : "region"
  }, {
    "id" : "27a8077b-02e2-43d9-bfbc-201533af589c",
    "regionName" : "footer",
    "type" : "region"
  } ],
  "themeLayoutType" : "Inner",
  "type" : "view",
  "viewType" : "createreport"
}