{
  "appPageId" : "0e202e3e-344e-4a11-ae78-7debc4d7a3d6",
  "componentName" : "siteforce:sldsOneColLayout",
  "dataProviders" : [ ],
  "id" : "44c2e001-39c4-4e90-9b06-c4c247df6214",
  "label" : "Stream Related List",
  "regions" : [ {
    "id" : "0d969a8b-b7e2-4d17-932b-943578b2757f",
    "regionName" : "header",
    "type" : "region"
  }, {
    "id" : "1fc52347-f061-44ff-97f4-272f959fda1b",
    "regionName" : "content",
    "type" : "region"
  }, {
    "id" : "1415d99c-3f7b-4b99-84f2-64dfac871689",
    "regionName" : "footer",
    "type" : "region"
  } ],
  "themeLayoutType" : "Inner",
  "type" : "view",
  "viewType" : "relatedlist-0Fq"
}