{
  "appPageId" : "0e202e3e-344e-4a11-ae78-7debc4d7a3d6",
  "componentName" : "siteforce:sldsOneColLayout",
  "dataProviders" : [ ],
  "id" : "f7ea8492-69fe-4b9c-bb39-9e1aafb8ac01",
  "label" : "Stream Detail",
  "regions" : [ {
    "id" : "1bd791ab-1c78-4517-92e2-80b789f4d661",
    "regionName" : "header",
    "type" : "region"
  }, {
    "components" : [ {
      "componentAttributes" : {
        "id" : "{!recordId}"
      },
      "componentName" : "forceCommunity:streamDetail",
      "id" : "fdcd721e-c75d-4d1d-a179-535d8bcf72dd",
      "renderPriority" : "NEUTRAL",
      "renditionMap" : { },
      "type" : "component"
    } ],
    "id" : "b7310427-2d2b-4091-8608-8df54964dc41",
    "regionName" : "content",
    "type" : "region"
  }, {
    "id" : "8d1200dd-b2ae-459e-a19a-6d223e6ce574",
    "regionName" : "footer",
    "type" : "region"
  } ],
  "themeLayoutType" : "Inner",
  "type" : "view",
  "viewType" : "detail-0Fq"
}