{
  "appPageId" : "0e202e3e-344e-4a11-ae78-7debc4d7a3d6",
  "componentName" : "siteforce:sldsOneColLayout",
  "dataProviders" : [ ],
  "id" : "52200b8b-06a2-4457-aa67-a8ddc4450998",
  "label" : "Top Articles",
  "regions" : [ {
    "id" : "3550c36c-ba7c-4898-8324-b0f1af93a504",
    "regionName" : "header",
    "type" : "region"
  }, {
    "components" : [ {
      "componentAttributes" : {
        "numberOfArticles" : 5,
        "showTitle" : true,
        "title" : "Top Articles",
        "topicList" : [ ]
      },
      "componentName" : "forceCommunity:topArticleList",
      "id" : "14b9aabc-2c7e-494c-a0a2-1f92290f818a",
      "renderPriority" : "NEUTRAL",
      "renditionMap" : { },
      "type" : "component"
    } ],
    "id" : "042a8a48-628a-4431-9731-b65e5985d4c9",
    "regionName" : "content",
    "type" : "region"
  }, {
    "id" : "6fbfa494-0a53-44f5-b1e3-c6ae8d8c9996",
    "regionName" : "footer",
    "type" : "region"
  }, {
    "components" : [ {
      "componentAttributes" : {
        "customHeadTags" : "",
        "description" : "",
        "title" : "Top Articles"
      },
      "componentName" : "forceCommunity:seoAssistant",
      "id" : "e49b4f96-9c01-4e4f-9b5c-10077c3b86ce",
      "renditionMap" : { },
      "type" : "component"
    } ],
    "id" : "80ce2c7c-c4a3-492a-90f3-1dd5fa5b9fa8",
    "regionName" : "sfdcHiddenRegion",
    "type" : "region"
  } ],
  "themeLayoutType" : "Inner",
  "type" : "view",
  "viewType" : "top-articles"
}