{
  "appPageId" : "0e202e3e-344e-4a11-ae78-7debc4d7a3d6",
  "componentName" : "siteforce:sldsOneColLayout",
  "dataProviders" : [ ],
  "id" : "49af395a-a433-43dd-b264-95edf58af242",
  "label" : "Topic Detail",
  "regions" : [ {
    "id" : "451abf34-f4b0-4673-ac9a-14eaba956e11",
    "regionName" : "header",
    "type" : "region"
  }, {
    "id" : "473cc5fa-1dbd-473a-9014-0684d8a9c198",
    "regionName" : "featured",
    "type" : "region"
  }, {
    "components" : [ {
      "componentAttributes" : {
        "articleListPageSize" : 10,
        "showTitle" : false,
        "title" : "Articles",
        "topicId" : "{!topicId}"
      },
      "componentName" : "selfService:topicRelatedArticle",
      "id" : "03e6a818-8fed-48fe-afc8-5808b8f7f78e",
      "renderPriority" : "NEUTRAL",
      "renditionMap" : { },
      "type" : "component"
    } ],
    "id" : "da7c22c3-76d4-42e9-8f48-d396130901f2",
    "regionName" : "content",
    "type" : "region"
  }, {
    "components" : [ {
      "componentAttributes" : {
        "showTopicsMetric" : true,
        "title" : "Related Topics",
        "topicId" : "{!recordId}"
      },
      "componentName" : "forceCommunity:relatedTopics",
      "id" : "53066900-7bbe-459b-ab94-e6e8de0ed52e",
      "renderPriority" : "NEUTRAL",
      "renditionMap" : { },
      "type" : "component"
    }, {
      "componentAttributes" : {
        "title" : "Knowledgeable People",
        "topicId" : "{!recordId}"
      },
      "componentName" : "forceCommunity:knowledgeablePeople",
      "id" : "0efc29f5-ff41-4108-9051-cb0d779e8689",
      "renderPriority" : "NEUTRAL",
      "renditionMap" : { },
      "type" : "component"
    } ],
    "id" : "fdec9bdc-3441-4c1a-bacb-f9bcd3b181b8",
    "regionName" : "sidebar",
    "type" : "region"
  }, {
    "components" : [ {
      "componentAttributes" : {
        "richTextValue" : "<p style=\"text-align: right;\"><img class=\"sfdcCbImage\" src=\"{!contentAsset.LENOX_Logo_Tagline_CMYK_FINAL.1}\" style=\"width: 128.969px; height: 51.3906px;\"></p>"
      },
      "componentName" : "forceCommunity:richTextInline",
      "id" : "fb905d91-d25f-4076-bd81-e12519ac844f",
      "renderPriority" : "NEUTRAL",
      "renditionMap" : { },
      "type" : "component"
    } ],
    "id" : "c508972b-b1ff-48a2-93a8-27e4d1a429c6",
    "regionName" : "footer",
    "type" : "region"
  }, {
    "components" : [ {
      "componentAttributes" : {
        "customHeadTags" : "",
        "description" : "{!Record.Description}",
        "title" : "{!Record._Title}"
      },
      "componentName" : "forceCommunity:seoAssistant",
      "id" : "0bb85f2d-f4c4-4690-8ad1-f3fb8cf8795e",
      "renditionMap" : { },
      "type" : "component"
    } ],
    "id" : "538b6b14-baa7-44be-9545-79a605a8ce2c",
    "regionName" : "sfdcHiddenRegion",
    "type" : "region"
  } ],
  "themeLayoutType" : "Inner",
  "type" : "view",
  "viewType" : "topic"
}