{
  "appPageId" : "0e202e3e-344e-4a11-ae78-7debc4d7a3d6",
  "componentName" : "siteforce:sldsOneColLayout",
  "dataProviders" : [ ],
  "id" : "0e561cf5-38c3-4166-bd28-27aa8d057378",
  "label" : "User Profile",
  "regions" : [ {
    "id" : "d9f456f9-4b8f-4429-aed5-6d85487165d5",
    "regionName" : "header",
    "type" : "region"
  }, {
    "components" : [ {
      "componentAttributes" : {
        "caseCreateLabel" : "Create Case",
        "caseFilterName" : "AllOpenCases",
        "caseHeaderLabel" : "My Cases",
        "casesTabLabel" : "Cases",
        "detailsTabLabel" : "Details",
        "feedTabLabel" : "Feed",
        "knowledgeableAboutTitle" : "Knows About",
        "maxTopics" : 5,
        "recognitionbuttonLabel" : "Give",
        "relatedTabLabel" : "Related",
        "showAllUpdates" : false,
        "showBadges" : true,
        "showFullPhotoAsCircle" : true,
        "showKnowledgeableAbout" : true,
        "showRelatedList" : true,
        "showReputationInInfluenceCard" : false,
        "showStats" : true,
        "userBadgesTitle" : "Recognition Badges",
        "userId" : "{!recordId}",
        "userStatsTitle" : "Influence"
      },
      "componentName" : "forceCommunity:userRecordHome",
      "id" : "fa1f5721-74a9-4e3a-813a-b9dc1e4aa2eb",
      "renderPriority" : "NEUTRAL",
      "renditionMap" : { },
      "type" : "component"
    } ],
    "id" : "52c92718-249d-4481-8829-01e0ec7d6de3",
    "regionName" : "content",
    "type" : "region"
  }, {
    "id" : "02457899-16c0-49a1-9394-8289f2fb6dd0",
    "regionName" : "footer",
    "type" : "region"
  } ],
  "themeLayoutType" : "Inner",
  "type" : "view",
  "viewType" : "detail-005"
}