{
  "appPageId" : "0e202e3e-344e-4a11-ae78-7debc4d7a3d6",
  "componentName" : "siteforce:sldsOneColLayout",
  "dataProviders" : [ ],
  "id" : "2eb6c4cd-9866-4d6c-9b08-b37bbba7f7e7",
  "label" : "User List",
  "regions" : [ {
    "id" : "08fdcf8d-c7d4-4477-b074-fd15b3165691",
    "regionName" : "header",
    "type" : "region"
  }, {
    "id" : "71425abc-670d-4ad4-96b4-d168523f6c8d",
    "regionName" : "content",
    "type" : "region"
  }, {
    "id" : "12275c7f-29a9-456f-8b29-5af8474d6e7c",
    "regionName" : "footer",
    "type" : "region"
  } ],
  "themeLayoutType" : "Inner",
  "type" : "view",
  "viewType" : "list-005"
}