{
  "appPageId" : "0e202e3e-344e-4a11-ae78-7debc4d7a3d6",
  "componentName" : "siteforce:sldsOneColLayout",
  "dataProviders" : [ ],
  "id" : "74b9977c-4126-4819-8edc-e5c8433624be",
  "label" : "User Related List",
  "regions" : [ {
    "id" : "11d5980c-fa1f-44b1-98f0-d75a879df5b8",
    "regionName" : "header",
    "type" : "region"
  }, {
    "components" : [ {
      "componentAttributes" : {
        "customTitle" : "",
        "parentRecordId" : "{!recordId}",
        "relatedListName" : "{!relationshipApiName}",
        "showBreadCrumbs" : true,
        "showCustomTitle" : false,
        "showManualRefreshButton" : true,
        "showRowNumbers" : true
      },
      "componentName" : "forceCommunity:relatedList",
      "id" : "9b3e9163-7d3d-4263-9243-c45a6acd69c8",
      "renderPriority" : "NEUTRAL",
      "renditionMap" : { },
      "type" : "component"
    } ],
    "id" : "11a6bdba-0a72-4a99-8700-a72dfc323497",
    "regionName" : "content",
    "type" : "region"
  }, {
    "id" : "00175603-455e-420f-9a19-73031aa66904",
    "regionName" : "footer",
    "type" : "region"
  } ],
  "themeLayoutType" : "Inner",
  "type" : "view",
  "viewType" : "relatedlist-005"
}