<?xml version="1.0" encoding="UTF-8"?>
<LightningComponentBundle xmlns="http://soap.sforce.com/2006/04/metadata">
    <apiVersion>55.0</apiVersion>
    <isExposed>true</isExposed>
    <masterLabel>LB2B Banner Container</masterLabel>
    <description>test</description>
    <targets>
        <target>lightningCommunity__Page</target>
        <target>lightningCommunity__Default</target>
        <target>lightning__AppPage</target>
        <target>lightning__RecordPage</target>
        <target>lightning__HomePage</target>
    </targets>
    <targetConfigs>
        <targetConfig targets="lightningCommunity__Default">
            <property name="contentType" type="String" label="Content Type" description="Sets the content" default="Banner" />
        </targetConfig>
        <targetConfig targets="lightning__AppPage">
            <property name="contentType" type="String" label="Content Type" description="Sets the content" default="Banner" />
        </targetConfig>
        <targetConfig targets="lightning__RecordPage">
            <property name="contentType" type="String" label="Content Type" description="Sets the content" default="Banner" />
        </targetConfig>
        <targetConfig targets="lightning__HomePage">
            <property name="contentType" type="String" label="Content Type" description="Sets the content" default="Banner" />
        </targetConfig>
    </targetConfigs> 
</LightningComponentBundle>