{
  "defaultCode" : "en_US",
  "defaultLabel" : "English (US)",
  "id" : "b7d6115f-975d-49da-b8f4-462abf4db07a",
  "languages" : [ {
    "countryCode" : "",
    "fallbackLanguageId" : null,
    "id" : "12fee82f-ec40-43fb-b35a-df75084c793f",
    "isActive" : true,
    "label" : "French",
    "languageCode" : "fr",
    "type" : "language"
  }, {
    "countryCode" : "MX",
    "fallbackLanguageId" : null,
    "id" : "bc215c8f-8ab3-427d-9a9e-c743898399b4",
    "isActive" : true,
    "label" : "Spanish (Mexico) (MX)",
    "languageCode" : "es",
    "type" : "language"
  } ],
  "type" : "languageContainer"
}