<?xml version="1.0" encoding="UTF-8"?>
<CustomMetadata xmlns="http://soap.sforce.com/2006/04/metadata" xmlns:xsi="http://www.w3.org/2001/XMLSchema-instance" xmlns:xsd="http://www.w3.org/2001/XMLSchema">
    <label>United States</label>
    <protected>false</protected>
    <values>
        <field>DiscountExtendedPrice__c</field>
        <value xsi:type="xsd:string">ZSB1, ZSB2, ZSB3, ZPAR</value>
    </values>
    <values>
        <field>DiscountUnitPrice__c</field>
        <value xsi:type="xsd:string">ZSB1, ZSB2, ZSB3, ZPAR</value>
    </values>
    <values>
        <field>FreeItemCategory__c</field>
        <value xsi:type="xsd:string">TANN</value>
    </values>
    <values>
        <field>FreightPrice__c</field>
        <value xsi:type="xsd:string">ZB01</value>
    </values>
    <values>
        <field>IgnoredItemCategory__c</field>
        <value xsi:type="xsd:string">TAPA</value>
    </values>
    <values>
        <field>Locale__c</field>
        <value xsi:type="xsd:string">en_US</value>
    </values>
    <values>
        <field>StandardExtendedPrice__c</field>
        <value xsi:type="xsd:string">KUMU, PNTP</value>
    </values>
    <values>
        <field>StandardItemCategory__c</field>
        <value xsi:type="xsd:string">TAN</value>
    </values>
    <values>
        <field>StandardUnitPrice__c</field>
        <value xsi:type="xsd:string">PNTP</value>
    </values>
</CustomMetadata>
