<?xml version="1.0" encoding="UTF-8"?>
<Audience xmlns="http://soap.sforce.com/2006/04/metadata">
    <audienceName>LB2B_USA_Audience</audienceName>
    <container>Tool Commerce</container>
    <criteria>
        <criterion>
            <criteriaNumber>1</criteriaNumber>
            <criterionValue>
                <entityField>LocaleSidKey</entityField>
                <entityType>User</entityType>
                <fieldValue>en_US</fieldValue>
            </criterionValue>
            <operator>Equal</operator>
            <type>FieldBased</type>
        </criterion>
    </criteria>
    <formulaFilterType>AllCriteriaMatch</formulaFilterType>
    <isDefaultAudience>false</isDefaultAudience>
    <targets>
        <target>
            <groupName>db764269-46d3-4754-a647-eafa6009ec52$#$07c83dd9-0330-429c-8d8d-be049c6e183f</groupName>
            <priority>1</priority>
            <targetType>ExperienceVariation</targetType>
            <targetValue>Quick_Order_Tabs_Component</targetValue>
        </target>
    </targets>
</Audience>
