<?xml version="1.0" encoding="UTF-8"?>
<Flow xmlns="http://soap.sforce.com/2006/04/metadata">
    <apiVersion>55.0</apiVersion>
    <environments>Default</environments>
    <interviewLabel>LB2B Order Number Update Flow {!$Flow.CurrentDateTime}</interviewLabel>
    <label>LB2B Order Number Update Flow</label>
    <processMetadataValues>
        <name>BuilderType</name>
        <value>
            <stringValue>LightningFlowBuilder</stringValue>
        </value>
    </processMetadataValues>
    <processMetadataValues>
        <name>CanvasMode</name>
        <value>
            <stringValue>AUTO_LAYOUT_CANVAS</stringValue>
        </value>
    </processMetadataValues>
    <processMetadataValues>
        <name>OriginBuilderType</name>
        <value>
            <stringValue>LightningFlowBuilder</stringValue>
        </value>
    </processMetadataValues>
    <processType>AutoLaunchedFlow</processType>
    <recordUpdates>
        <name>UpdateOrderNumber</name>
        <label>UpdateOrderNumber</label>
        <locationX>176</locationX>
        <locationY>323</locationY>
        <filterLogic>or</filterLogic>
        <filters>
            <field>LB2BOrderId__c</field>
            <operator>EqualTo</operator>
            <value>
                <elementReference>$Record.OrderSummary.Id</elementReference>
            </value>
        </filters>
        <inputAssignments>
            <field>LB2B_Pcr_Codes_1__c</field>
            <value>
                <elementReference>$Record.Order_ID__r.OriginatingCart__r.PCR_Code_1__c</elementReference>
            </value>
        </inputAssignments>
        <inputAssignments>
            <field>LB2B_Pcr_Codes_2__c</field>
            <value>
                <elementReference>$Record.Order_ID__r.OriginatingCart__r.PCR_Code_2__c</elementReference>
            </value>
        </inputAssignments>
        <inputAssignments>
            <field>LB2B_Pcr_Codes_3__c</field>
            <value>
                <elementReference>$Record.Order_ID__r.OriginatingCart__r.PCR_Code_3__c</elementReference>
            </value>
        </inputAssignments>
        <inputAssignments>
            <field>LB2B_Pcr_Codes_4__c</field>
            <value>
                <elementReference>$Record.Order_ID__r.OriginatingCart__r.PCR_Code_4__c</elementReference>
            </value>
        </inputAssignments>
        <inputAssignments>
            <field>LB2B_Pcr_Codes_5__c</field>
            <value>
                <elementReference>$Record.Order_ID__r.OriginatingCart__r.PCR_Code_5__c</elementReference>
            </value>
        </inputAssignments>
        <inputAssignments>
            <field>LB2B_Pcr_Notes__c</field>
            <value>
                <elementReference>$Record.Order_ID__r.OriginatingCart__r.PCR_Notes__c</elementReference>
            </value>
        </inputAssignments>
        <inputAssignments>
            <field>Order_Number__c</field>
            <value>
                <elementReference>$Record.Sap_order_Number__c</elementReference>
            </value>
        </inputAssignments>
        <inputAssignments>
            <field>Order_Status__c</field>
            <value>
                <elementReference>$Record.LB2B_SAP_Order_Status__c</elementReference>
            </value>
        </inputAssignments>
        <object>LB2B_Order_Header__c</object>
    </recordUpdates>
    <start>
        <locationX>50</locationX>
        <locationY>0</locationY>
        <connector>
            <targetReference>UpdateOrderNumber</targetReference>
        </connector>
        <filterLogic>or</filterLogic>
        <filters>
            <field>Sap_order_Number__c</field>
            <operator>IsNull</operator>
            <value>
                <booleanValue>false</booleanValue>
            </value>
        </filters>
        <object>FulfillmentOrder</object>
        <recordTriggerType>CreateAndUpdate</recordTriggerType>
        <triggerType>RecordAfterSave</triggerType>
    </start>
    <status>Active</status>
    <variables>
        <name>OrderHeaderId</name>
        <dataType>SObject</dataType>
        <isCollection>false</isCollection>
        <isInput>false</isInput>
        <isOutput>false</isOutput>
        <objectType>LB2B_Order_Header__c</objectType>
    </variables>
</Flow>
