{
  "appPageId" : "5e889692-eb74-4404-8578-68f8ba3ecb63",
  "componentName" : "siteforce:dynamicLayout",
  "dataProviders" : [ ],
  "id" : "b6695d82-409a-4138-b880-1156585b3507",
  "label" : "About Us",
  "regions" : [ {
    "components" : [ {
      "componentAttributes" : {
        "background" : "background: rgba(0,0,0,0)",
        "backgroundOverlay" : "rgba(0,0,0,0.5)",
        "contentAreaWidth" : 100,
        "sectionConfig" : {
          "UUID" : "6d93104b-1080-4934-97ac-49afb361d9a3",
          "columns" : [ {
            "UUID" : "40d579f9-a2b8-4973-b7ca-0f0bf1640fbf",
            "columnKey" : "1",
            "columnName" : "Column 1",
            "columnWidth" : "12",
            "seedComponents" : [ ]
          } ]
        },
        "sectionHeight" : 400
      },
      "componentName" : "forceCommunity:section",
      "id" : "6d93104b-1080-4934-97ac-49afb361d9a3",
      "regions" : [ {
        "components" : [ {
          "componentAttributes" : {
            "contentType" : "About Us"
          },
          "componentName" : "c:lb2bContentBlockContainer",
          "id" : "1f63b2e5-5ac2-4255-9bc6-00b2a5972cf5",
          "renderPriority" : "NEUTRAL",
          "renditionMap" : { },
          "type" : "component"
        } ],
        "id" : "40d579f9-a2b8-4973-b7ca-0f0bf1640fbf",
        "regionLabel" : "Column 1",
        "regionName" : "1",
        "renditionMap" : { },
        "type" : "region"
      } ],
      "renderPriority" : "NEUTRAL",
      "renditionMap" : { },
      "type" : "component"
    } ],
    "id" : "f9241b15-2ee0-4c0e-87cc-7967b21c4453",
    "regionName" : "content",
    "type" : "region"
  }, {
    "components" : [ {
      "componentAttributes" : {
        "customHeadTags" : "",
        "description" : "",
        "title" : "About Us"
      },
      "componentName" : "forceCommunity:seoAssistant",
      "id" : "285d762e-c011-4dd3-a1c3-be29be6d0775",
      "renditionMap" : { },
      "type" : "component"
    } ],
    "id" : "fb5bd648-bb49-4a08-a58d-eafbdaa619e9",
    "regionName" : "sfdcHiddenRegion",
    "type" : "region"
  } ],
  "themeLayoutType" : "Inner",
  "type" : "view",
  "viewType" : "custom-about-us"
}