{
  "appPageId" : "5e889692-eb74-4404-8578-68f8ba3ecb63",
  "componentName" : "siteforce:sldsOneColLayout",
  "dataProviders" : [ ],
  "id" : "5994d295-c7d1-467d-9a4d-5ed7360bb6e7",
  "label" : "Account Management",
  "regions" : [ {
    "id" : "b946bc1d-5ef2-4ce0-9884-7782d64a26a9",
    "regionName" : "header",
    "type" : "region"
  }, {
    "components" : [ {
      "componentAttributes" : {
        "tabsetConfig" : {
          "UUID" : "67b990ae-f711-42d7-85ab-775e57e13f6a",
          "activeTab" : "",
          "tabs" : [ {
            "UUID" : "34e93f08-f872-403a-99fa-e22d983a7730",
            "allowGuestUser" : false,
            "locked" : false,
            "seedComponents" : [ ],
            "tabKey" : "1",
            "tabName" : "CARTS"
          }, {
            "UUID" : "a352bd0b-0783-45e9-8ddc-b584a0e72a49",
            "allowGuestUser" : false,
            "locked" : false,
            "seedComponents" : [ ],
            "tabKey" : "2",
            "tabName" : "MEMBERS"
          } ],
          "useOverflowMenu" : false
        }
      },
      "componentName" : "forceCommunity:tabset",
      "id" : "67b990ae-f711-42d7-85ab-775e57e13f6a",
      "regions" : [ {
        "components" : [ {
          "componentAttributes" : {
            "customTitle" : "",
            "parentRecordId" : "{!CurrentUser.effectiveAccountId}",
            "relatedListName" : "Carts",
            "showBreadCrumbs" : true,
            "showCustomTitle" : false,
            "showManualRefreshButton" : true,
            "showRowNumbers" : true
          },
          "componentName" : "forceCommunity:relatedList",
          "id" : "af2d98c2-70fa-4abe-a313-95325e677b7c",
          "renditionMap" : { },
          "type" : "component"
        } ],
        "id" : "34e93f08-f872-403a-99fa-e22d983a7730",
        "regionLabel" : "CARTS",
        "regionName" : "1",
        "renditionMap" : { },
        "type" : "region"
      }, {
        "components" : [ {
          "componentAttributes" : {
            "effectiveAccountId" : "{!CurrentUser.effectiveAccountId}"
          },
          "componentName" : "c:lb2bUserManagement",
          "id" : "8c8382c4-ee8e-4d62-a77e-e3fbe308d4a6",
          "renditionMap" : { },
          "type" : "component"
        } ],
        "id" : "a352bd0b-0783-45e9-8ddc-b584a0e72a49",
        "regionLabel" : "MEMBERS",
        "regionName" : "2",
        "renditionMap" : { },
        "type" : "region"
      } ],
      "renderPriority" : "NEUTRAL",
      "renditionMap" : { },
      "type" : "component"
    } ],
    "id" : "fede8a1b-ceae-42ff-b012-f17fd48478c9",
    "regionName" : "content",
    "type" : "region"
  }, {
    "components" : [ {
      "componentAttributes" : {
        "tabsetConfig" : {
          "UUID" : "8875eb89-5334-4719-ab89-e9b1bacff478",
          "activeTab" : "",
          "tabs" : [ {
            "UUID" : "c81a642b-fc87-42a0-ba8b-f9633875cac3",
            "allowGuestUser" : false,
            "locked" : false,
            "seedComponents" : [ ],
            "tabKey" : "1",
            "tabName" : "Carts"
          } ],
          "useOverflowMenu" : false
        }
      },
      "componentName" : "forceCommunity:tabset",
      "id" : "8875eb89-5334-4719-ab89-e9b1bacff478",
      "regions" : [ {
        "components" : [ {
          "componentAttributes" : {
            "customTitle" : "",
            "parentRecordId" : "{!CurrentUser.effectiveAccountId}",
            "relatedListName" : "Carts",
            "showBreadCrumbs" : true,
            "showCustomTitle" : false,
            "showManualRefreshButton" : true,
            "showRowNumbers" : true
          },
          "componentName" : "forceCommunity:relatedList",
          "id" : "928426ea-125c-4408-a6be-eeeb10639877",
          "renditionMap" : { },
          "type" : "component"
        } ],
        "id" : "c81a642b-fc87-42a0-ba8b-f9633875cac3",
        "regionLabel" : "Carts",
        "regionName" : "1",
        "renditionMap" : { },
        "type" : "region"
      } ],
      "renderPriority" : "NEUTRAL",
      "renditionMap" : { },
      "type" : "component"
    } ],
    "id" : "f1edad7e-ee51-480d-b2f2-cbe6772ac862",
    "regionName" : "footer",
    "type" : "region"
  }, {
    "components" : [ {
      "componentAttributes" : {
        "customHeadTags" : "",
        "description" : "",
        "title" : "Account Management"
      },
      "componentName" : "forceCommunity:seoAssistant",
      "id" : "e6649910-7e2d-4797-963f-4180fbbf26f2",
      "renditionMap" : { },
      "type" : "component"
    } ],
    "id" : "3cd3088e-ccd4-4fe8-a772-9d3425856f4a",
    "regionName" : "sfdcHiddenRegion",
    "type" : "region"
  } ],
  "themeLayoutType" : "Inner",
  "type" : "view",
  "viewType" : "account-management"
}