{
  "appPageId" : "5e889692-eb74-4404-8578-68f8ba3ecb63",
  "componentName" : "siteforce:dynamicLayout",
  "dataProviders" : [ ],
  "id" : "104aa171-beb7-4285-8073-8e5aa75bbb9e",
  "label" : "Add Account",
  "regions" : [ {
    "components" : [ {
      "componentAttributes" : {
        "background" : "background: rgba(0,0,0,0)",
        "backgroundOverlay" : "rgba(0,0,0,0.5)",
        "contentAreaWidth" : 100,
        "sectionConfig" : {
          "UUID" : "7f6d6825-4fa0-4c5d-a578-c126a10e9a00",
          "columns" : [ {
            "UUID" : "3007103b-4c9a-41cd-b11a-bab9fa8d965b",
            "columnKey" : "1",
            "columnName" : "Column 1",
            "columnWidth" : "12",
            "seedComponents" : [ ]
          } ]
        },
        "sectionHeight" : 300
      },
      "componentName" : "forceCommunity:section",
      "id" : "7f6d6825-4fa0-4c5d-a578-c126a10e9a00",
      "regions" : [ {
        "components" : [ {
          "componentAttributes" : {
            "tabsetConfig" : {
              "UUID" : "6370b9ce-f37e-4ed8-a1e4-8a8df3a1e531",
              "activeTab" : "",
              "tabs" : [ {
                "UUID" : "2b769439-9ae9-4840-bf56-1a8efba072ab",
                "allowGuestUser" : false,
                "locked" : false,
                "seedComponents" : [ ],
                "tabKey" : "1",
                "tabName" : "Manual Assignment"
              }, {
                "UUID" : "34f8940a-0296-4fb3-8698-f203970772fd",
                "allowGuestUser" : false,
                "locked" : false,
                "seedComponents" : [ ],
                "tabKey" : "2",
                "tabName" : "Upload CSV"
              } ],
              "useOverflowMenu" : false
            }
          },
          "componentName" : "forceCommunity:tabset",
          "id" : "6370b9ce-f37e-4ed8-a1e4-8a8df3a1e531",
          "regions" : [ {
            "components" : [ {
              "componentAttributes" : { },
              "componentName" : "c:lb2bAddAccountTool",
              "id" : "5821a5b6-7fc3-4c6b-a3d8-a3a1163dc9e0",
              "renditionMap" : { },
              "type" : "component"
            } ],
            "id" : "2b769439-9ae9-4840-bf56-1a8efba072ab",
            "regionLabel" : "Manual Assignment",
            "regionName" : "1",
            "renditionMap" : { },
            "type" : "region"
          }, {
            "components" : [ {
              "componentAttributes" : { },
              "componentName" : "c:lb2bUploadAccounts",
              "id" : "f956b77a-ca23-48ac-9aa5-5e4683dfcc38",
              "renditionMap" : { },
              "type" : "component"
            } ],
            "id" : "34f8940a-0296-4fb3-8698-f203970772fd",
            "regionLabel" : "Upload CSV",
            "regionName" : "2",
            "renditionMap" : { },
            "type" : "region"
          } ],
          "renderPriority" : "NEUTRAL",
          "renditionMap" : { },
          "type" : "component"
        } ],
        "id" : "3007103b-4c9a-41cd-b11a-bab9fa8d965b",
        "regionLabel" : "Column 1",
        "regionName" : "1",
        "renditionMap" : { },
        "type" : "region"
      } ],
      "renderPriority" : "NEUTRAL",
      "renditionMap" : { },
      "type" : "component"
    } ],
    "id" : "8d7bed87-26fb-4bb2-8a34-0159088c2077",
    "regionName" : "content",
    "type" : "region"
  }, {
    "components" : [ {
      "componentAttributes" : {
        "customHeadTags" : "",
        "description" : "",
        "title" : "Add Account"
      },
      "componentName" : "forceCommunity:seoAssistant",
      "id" : "d0bb9b88-cb6f-4cd4-bcd1-d6d723cecb22",
      "renditionMap" : { },
      "type" : "component"
    } ],
    "id" : "669c746f-d7b6-45a9-95e8-c8c9273ff8fc",
    "regionName" : "sfdcHiddenRegion",
    "type" : "region"
  } ],
  "themeLayoutType" : "Inner",
  "type" : "view",
  "viewType" : "custom-add-account"
}