{
  "appPageId" : "5e889692-eb74-4404-8578-68f8ba3ecb63",
  "componentName" : "siteforce:sldsOneColLayout",
  "dataProviders" : [ ],
  "id" : "b55dae54-3d22-4e1b-bc9c-d883bbe8b5ac",
  "label" : "Cart Related List",
  "regions" : [ {
    "id" : "038557c3-6c22-4eb3-be7e-aa768372d67e",
    "regionName" : "header",
    "type" : "region"
  }, {
    "components" : [ {
      "componentAttributes" : {
        "customTitle" : "",
        "parentRecordId" : "{!recordId}",
        "relatedListName" : "{!relationshipApiName}",
        "showBreadCrumbs" : true,
        "showCustomTitle" : false,
        "showManualRefreshButton" : true,
        "showRowNumbers" : true
      },
      "componentName" : "forceCommunity:relatedList",
      "id" : "122b8cdc-c02b-46a9-8f30-2e498ef466b3",
      "renderPriority" : "NEUTRAL",
      "renditionMap" : { },
      "type" : "component"
    } ],
    "id" : "eb2dc3db-e83b-4739-99bb-34b97502917c",
    "regionName" : "content",
    "type" : "region"
  }, {
    "id" : "a7a45bb4-a995-4ec9-a6ce-f1f34575a92f",
    "regionName" : "footer",
    "type" : "region"
  } ],
  "themeLayoutType" : "Inner",
  "type" : "view",
  "viewType" : "relatedlist-0a6"
}