{
  "appPageId" : "5e889692-eb74-4404-8578-68f8ba3ecb63",
  "componentName" : "siteforce:sldsOneColLayout",
  "dataProviders" : [ ],
  "id" : "3be65af6-df08-4b83-a65f-0d8483f14b60",
  "label" : "Category Related List",
  "regions" : [ {
    "id" : "29bbe4ac-1358-4c8e-847f-6b3919374aa1",
    "regionName" : "header",
    "type" : "region"
  }, {
    "id" : "6a68a5e6-f72b-4415-b568-a36b4c8bfe3e",
    "regionName" : "content",
    "type" : "region"
  }, {
    "id" : "65a4d5bd-8627-4472-bd2f-87c7bb75498c",
    "regionName" : "footer",
    "type" : "region"
  } ],
  "themeLayoutType" : "Inner",
  "type" : "view",
  "viewType" : "relatedlist-0ZG"
}