{
  "appPageId" : "5e889692-eb74-4404-8578-68f8ba3ecb63",
  "componentName" : "siteforce:sldsOneColLayout",
  "dataProviders" : [ ],
  "id" : "608ac689-540e-4845-8a9e-149454e8e5d2",
  "label" : "Category Detail",
  "regions" : [ {
    "components" : [ {
      "componentAttributes" : {
        "effectiveAccountId" : "{!CurrentUser.effectiveAccountId}",
        "recordId" : "{!recordId}"
      },
      "componentName" : "c:lb2bCategoryBanner",
      "id" : "8a8a9269-1fd6-47e4-8c58-ebd54397f025",
      "renderPriority" : "NEUTRAL",
      "renditionMap" : { },
      "type" : "component"
    } ],
    "id" : "852ab898-1063-4ec9-9a53-2bc495543b5a",
    "regionName" : "header",
    "type" : "region"
  }, {
    "components" : [ {
      "componentAttributes" : { },
      "componentName" : "c:lb2bPricingAccountSelector",
      "id" : "2b877a44-1b95-4c99-827d-44b58b3c45a4",
      "renderPriority" : "NEUTRAL",
      "renditionMap" : { },
      "type" : "component"
    }, {
      "componentAttributes" : {
        "effectiveAccountId" : "{!CurrentUser.effectiveAccountId}",
        "recordId" : "{!recordId}",
        "term" : "{!term}"
      },
      "componentName" : "c:lb2bSearchResults",
      "id" : "83a59f0f-b0c1-4b96-a113-dfcd48f00dbe",
      "renderPriority" : "NEUTRAL",
      "renditionMap" : { },
      "type" : "component"
    } ],
    "id" : "050c605a-97d9-409d-bb2d-235975a670af",
    "regionName" : "content",
    "type" : "region"
  }, {
    "components" : [ {
      "componentAttributes" : {
        "effectiveAccountId" : "{!CurrentUser.effectiveAccountId}"
      },
      "componentName" : "c:lb2bQuickGetPrice",
      "id" : "fc467c2e-45b2-46af-bdd0-2cb5ab303d7b",
      "renderPriority" : "NEUTRAL",
      "renditionMap" : { },
      "type" : "component"
    } ],
    "id" : "d8c04244-8c7f-4883-8b3f-a45fa7a133ac",
    "regionName" : "footer",
    "type" : "region"
  }, {
    "components" : [ {
      "componentAttributes" : {
        "customHeadTags" : "",
        "description" : "",
        "title" : "{!Record._Object}: {!Record._Title}"
      },
      "componentName" : "forceCommunity:seoAssistant",
      "id" : "0f846f77-b808-4ece-9189-cf9914c5bcc8",
      "renditionMap" : { },
      "type" : "component"
    } ],
    "id" : "0ff7845e-3778-4be5-89e7-c7fe46908c97",
    "regionName" : "sfdcHiddenRegion",
    "type" : "region"
  }, {
    "id" : "ddd0b022-97c6-4cd1-9400-f68fa3db5dc1",
    "regionName" : "sidebar",
    "type" : "region"
  } ],
  "themeLayoutType" : "Inner",
  "type" : "view",
  "viewType" : "detail-0ZG"
}