{
  "appPageId" : "5e889692-eb74-4404-8578-68f8ba3ecb63",
  "componentName" : "siteforce:sldsTwoCol84Layout",
  "dataProviders" : [ ],
  "id" : "a7dd0451-24f3-45b6-84ad-3941ee7fc520",
  "label" : "Checkout",
  "regions" : [ {
    "id" : "571ef008-bbe1-429a-8199-f9d89bab17f0",
    "regionName" : "header",
    "type" : "region"
  }, {
    "components" : [ {
      "componentAttributes" : {
        "effectiveAccountId" : "{!CurrentUser.effectiveAccountId}",
        "recordId" : "{!recordId}"
      },
      "componentName" : "c:lb2bCheckoutFinalCart",
      "id" : "18cc16f5-b1bc-462b-8fef-f8a4b3a73e1d",
      "renderPriority" : "NEUTRAL",
      "renditionMap" : { },
      "type" : "component"
    } ],
    "id" : "7b180651-a154-4a02-9a9a-4a73c8eb8c7c",
    "regionName" : "content",
    "type" : "region"
  }, {
    "id" : "7314c839-be0b-463f-911b-b3f347fa4cea",
    "regionName" : "footer",
    "type" : "region"
  }, {
    "components" : [ {
      "componentAttributes" : {
        "effectiveAccountId" : "{!CurrentUser.effectiveAccountId}",
        "recordId" : "{!recordId}"
      },
      "componentName" : "c:lb2bCheckoutCartTotal",
      "id" : "e2a568f2-b2a9-44b0-a702-bd8c36934756",
      "renderPriority" : "NEUTRAL",
      "renditionMap" : { },
      "type" : "component"
    }, {
      "componentAttributes" : {
        "effectiveAccountId" : "{!CurrentUser.effectiveAccountId}",
        "recordId" : "{!recordId}"
      },
      "componentName" : "c:lb2bCheckoutCartTotal",
      "id" : "c94db79c-7a97-40e8-8fb9-d06fdc8e2a36",
      "renderPriority" : "NEUTRAL",
      "renditionMap" : { },
      "type" : "component"
    } ],
    "id" : "99688508-40d3-4510-87b1-42fa1ff288be",
    "regionName" : "sidebar",
    "type" : "region"
  } ],
  "themeLayoutType" : "Inner",
  "type" : "view",
  "viewType" : "checkout"
}