{
  "appPageId" : "468f63c0-a528-4c32-88ec-834a56f7f623",
  "componentName" : "siteforce:sldsOneColLayout",
  "dataProviders" : [ ],
  "id" : "ef6e6ead-5cd2-45c5-af95-737098b66de8",
  "label" : "Check Password",
  "regions" : [ {
    "components" : [ {
      "componentAttributes" : {
        "richTextValue" : "<p style=\"text-align: center;\"><span style=\"font-size: 22px;\">NOW, CHECK YOUR EMAIL</span></p>"
      },
      "componentName" : "forceCommunity:richTextInline",
      "id" : "0f8e2d03-9212-497e-a302-56d7117925ec",
      "renderPriority" : "NEUTRAL",
      "renditionMap" : {
        "es_mx" : "af266cda-bba1-4c51-8f8b-debca8b35dad",
        "fr" : "820b1d2e-f6ed-4f2a-908f-5c847cb2da61"
      },
      "renditions" : [ {
        "id" : "af266cda-bba1-4c51-8f8b-debca8b35dad",
        "renditionValue" : {
          "componentAttributes" : {
            "richTextValue" : "<p style=\"text-align: center;\"><span style=\"font-size: 22px;\">AHORA REVISE SU CORREO ELECTRÓNICO</span></p>"
          }
        },
        "type" : "renditionComponent"
      }, {
        "id" : "820b1d2e-f6ed-4f2a-908f-5c847cb2da61",
        "renditionValue" : {
          "componentAttributes" : {
            "richTextValue" : "<p style=\"text-align: center;\"><span style=\"font-size: 22px;\">MAINTENANT, VÉRIFIEZ VOTRE E-MAIL</span></p>"
          }
        },
        "type" : "renditionComponent"
      } ],
      "type" : "component"
    }, {
      "componentAttributes" : {
        "richTextValue" : "<p style=\"text-align: center;\">An email has been sent to you with your temporary password.</p>"
      },
      "componentName" : "forceCommunity:richTextInline",
      "id" : "8aa3ef86-9e4d-4eb2-80f7-5afba9ceffb1",
      "renderPriority" : "NEUTRAL",
      "renditionMap" : {
        "es_mx" : "778bb45d-0db1-4854-8200-e959778f97c9",
        "fr" : "6020a2ff-5299-4d7f-abde-592fda060849"
      },
      "renditions" : [ {
        "id" : "6020a2ff-5299-4d7f-abde-592fda060849",
        "renditionValue" : {
          "componentAttributes" : {
            "richTextValue" : "<p style=\"text-align: center;\">Un email vous a été envoyé avec votre mot de passe temporaire.</p>"
          }
        },
        "type" : "renditionComponent"
      }, {
        "id" : "778bb45d-0db1-4854-8200-e959778f97c9",
        "renditionValue" : {
          "componentAttributes" : {
            "richTextValue" : "<p style=\"text-align: center;\">Se le ha enviado un correo electrónico con su contraseña temporal.</p>"
          }
        },
        "type" : "renditionComponent"
      } ],
      "type" : "component"
    }, {
      "componentAttributes" : {
        "richTextValue" : "<p style=\"text-align: center;\"><a href=\"./\" rel=\"noopener noreferrer\" target=\"null\">Back to login</a></p>"
      },
      "componentName" : "forceCommunity:richTextInline",
      "id" : "c0c7f5ba-60f5-4c4a-98b7-ca4f9663b65e",
      "renderPriority" : "NEUTRAL",
      "renditionMap" : {
        "es_mx" : "9e3c396a-ab62-4b6e-b179-c4263c30f9cf",
        "fr" : "982ee393-3af2-48a7-aa6e-0955cbebc8b9"
      },
      "renditions" : [ {
        "id" : "9e3c396a-ab62-4b6e-b179-c4263c30f9cf",
        "renditionValue" : {
          "componentAttributes" : {
            "richTextValue" : "<p style=\"text-align: center;\">Atrás para iniciar sesión</p>"
          }
        },
        "type" : "renditionComponent"
      }, {
        "id" : "982ee393-3af2-48a7-aa6e-0955cbebc8b9",
        "renditionValue" : {
          "componentAttributes" : {
            "richTextValue" : "<p style=\"text-align: center;\">Retour connexion</p>"
          }
        },
        "type" : "renditionComponent"
      } ],
      "type" : "component"
    } ],
    "id" : "dbd887c6-dded-4a26-bc80-f03c3dfa49c9",
    "regionName" : "content",
    "type" : "region"
  }, {
    "components" : [ {
      "componentAttributes" : {
        "customHeadTags" : "",
        "description" : "",
        "title" : "Check Password"
      },
      "componentName" : "forceCommunity:seoAssistant",
      "id" : "7800f73a-d35a-4a05-9526-0d76aeba1e35",
      "renditionMap" : { },
      "type" : "component"
    } ],
    "id" : "f55f54d8-32b1-4ea4-a18d-2fd8176f09b5",
    "regionName" : "sfdcHiddenRegion",
    "type" : "region"
  } ],
  "themeLayoutType" : "Login",
  "type" : "view",
  "viewType" : "check-password"
}