{
  "appPageId" : "5e889692-eb74-4404-8578-68f8ba3ecb63",
  "componentName" : "siteforce:sldsOneColLayout",
  "dataProviders" : [ ],
  "id" : "6fb86890-bd31-41ea-8a58-48079994cca4",
  "label" : "compare-products",
  "regions" : [ {
    "id" : "f4cc08db-0016-487c-8050-783c891a1724",
    "regionName" : "header",
    "type" : "region"
  }, {
    "components" : [ {
      "componentAttributes" : { },
      "componentName" : "c:lb2bCompareProductsPage",
      "id" : "2cff4d15-e151-4b24-ad93-6d7b9f5f2eb2",
      "renderPriority" : "NEUTRAL",
      "renditionMap" : { },
      "type" : "component"
    } ],
    "id" : "1581278d-33d5-48ce-ad4a-cbcaeeb64555",
    "regionName" : "content",
    "type" : "region"
  }, {
    "id" : "ac8db7e5-de78-4d74-9b7b-957f71ca3715",
    "regionName" : "footer",
    "type" : "region"
  }, {
    "components" : [ {
      "componentAttributes" : {
        "customHeadTags" : "",
        "description" : "",
        "title" : "compare-products"
      },
      "componentName" : "forceCommunity:seoAssistant",
      "id" : "1944ab06-7a58-4ccc-b8e9-2a5e1e7c8382",
      "renditionMap" : { },
      "type" : "component"
    } ],
    "id" : "23eb8a94-9b0d-4ba7-a67d-4d8953978939",
    "regionName" : "sfdcHiddenRegion",
    "type" : "region"
  } ],
  "themeLayoutType" : "Inner",
  "type" : "view",
  "viewType" : "custom-compare-products"
}