{
  "appPageId" : "5e889692-eb74-4404-8578-68f8ba3ecb63",
  "componentName" : "siteforce:dynamicLayout",
  "dataProviders" : [ ],
  "id" : "1fba224e-df35-4f67-b1f9-7cffb1e57e36",
  "label" : "Customer Files",
  "regions" : [ {
    "components" : [ {
      "componentAttributes" : {
        "background" : "background: rgba(0,0,0,0)",
        "backgroundOverlay" : "rgba(0,0,0,0.5)",
        "contentAreaWidth" : 100,
        "sectionConfig" : {
          "UUID" : "1dff1ef0-6676-481d-ac68-1750e3262299",
          "columns" : [ {
            "UUID" : "beb9ef46-086e-462f-b0f6-20ff5ae6a0fd",
            "columnKey" : "1",
            "columnName" : "Column 1",
            "columnWidth" : "12",
            "seedComponents" : [ ]
          } ]
        },
        "sectionHeight" : 300
      },
      "componentName" : "forceCommunity:section",
      "id" : "1dff1ef0-6676-481d-ac68-1750e3262299",
      "regions" : [ {
        "components" : [ {
          "componentAttributes" : { },
          "componentName" : "c:lb2bCustomerFile",
          "id" : "4d8c20f3-c71f-4b3f-8077-24ccfce23268",
          "renderPriority" : "NEUTRAL",
          "renditionMap" : { },
          "type" : "component"
        } ],
        "id" : "beb9ef46-086e-462f-b0f6-20ff5ae6a0fd",
        "regionLabel" : "Column 1",
        "regionName" : "1",
        "renditionMap" : { },
        "type" : "region"
      } ],
      "renderPriority" : "NEUTRAL",
      "renditionMap" : { },
      "type" : "component"
    } ],
    "id" : "c56fcbee-e041-4b89-bbc7-45147775447d",
    "regionName" : "content",
    "type" : "region"
  }, {
    "components" : [ {
      "componentAttributes" : {
        "customHeadTags" : "",
        "description" : "",
        "title" : "Customer Files"
      },
      "componentName" : "forceCommunity:seoAssistant",
      "id" : "db5e21e4-354f-4a62-a4fc-c6b02fa11f14",
      "renditionMap" : { },
      "type" : "component"
    } ],
    "id" : "c40c77f4-cb9a-484b-b931-b03ee7e1cfe2",
    "regionName" : "sfdcHiddenRegion",
    "type" : "region"
  } ],
  "themeLayoutType" : "Inner",
  "type" : "view",
  "viewType" : "custom-customer-files"
}