{
  "appPageId" : "5e889692-eb74-4404-8578-68f8ba3ecb63",
  "componentName" : "siteforce:sldsOneColLayout",
  "dataProviders" : [ ],
  "id" : "24805c61-9fe0-49ce-a5ed-64e7ca868b92",
  "label" : "customerStatement",
  "regions" : [ {
    "id" : "0366b667-d792-41c7-bfd6-c21b4b6a4c3c",
    "regionName" : "header",
    "type" : "region"
  }, {
    "components" : [ {
      "componentAttributes" : { },
      "componentName" : "c:lb2bCustomerStatement",
      "id" : "cc9874a4-42cc-477b-9fe8-d072f857b7d6",
      "renderPriority" : "NEUTRAL",
      "renditionMap" : { },
      "type" : "component"
    } ],
    "id" : "4461e93a-b364-482b-bc2d-55b3a562712a",
    "regionName" : "content",
    "type" : "region"
  }, {
    "id" : "7405d29e-f36f-40a3-8045-b77faea73907",
    "regionName" : "footer",
    "type" : "region"
  }, {
    "components" : [ {
      "componentAttributes" : {
        "customHeadTags" : "",
        "description" : "",
        "title" : "Customer Statement"
      },
      "componentName" : "forceCommunity:seoAssistant",
      "id" : "22f33d2f-691a-489e-bf3a-204fe7a3eaa2",
      "renditionMap" : { },
      "type" : "component"
    } ],
    "id" : "a4803176-c730-48a4-ac26-8c32261e4444",
    "regionName" : "sfdcHiddenRegion",
    "type" : "region"
  } ],
  "themeLayoutType" : "Inner",
  "type" : "view",
  "viewType" : "custom-customerstatement"
}