{
  "appPageId" : "5e889692-eb74-4404-8578-68f8ba3ecb63",
  "componentName" : "siteforce:sldsOneColLayout",
  "dataProviders" : [ ],
  "id" : "90bb437e-6307-4403-bb34-a5dd4d5bde49",
  "label" : "Error",
  "regions" : [ {
    "id" : "2d059233-f601-41a5-9531-9b2cb0eed217",
    "regionName" : "header",
    "type" : "region"
  }, {
    "components" : [ {
      "componentAttributes" : {
        "richTextValue" : "<h1 style=\"text-align: center;\"><b style=\"font-size: 18px; color: rgb(32, 33, 36);\">﻿404 - Error Page</b></h1>"
      },
      "componentName" : "forceCommunity:richTextInline",
      "id" : "558ae5a7-b62b-4085-bfbd-f757e884b28b",
      "renderPriority" : "NEUTRAL",
      "renditionMap" : { },
      "type" : "component"
    } ],
    "id" : "f17f9e17-4a76-4de1-a66b-f60d50fa653e",
    "regionName" : "content",
    "type" : "region"
  }, {
    "id" : "d982a493-559f-4151-a474-b83ccd0a8cf6",
    "regionName" : "footer",
    "type" : "region"
  }, {
    "components" : [ {
      "componentAttributes" : {
        "customHeadTags" : "",
        "description" : "",
        "title" : "Error"
      },
      "componentName" : "forceCommunity:seoAssistant",
      "id" : "696aa0a1-69ee-410e-a545-24e2d8aa144d",
      "renditionMap" : { },
      "type" : "component"
    } ],
    "id" : "357b2224-9705-46c6-9bdd-aeb1c7ea1578",
    "regionName" : "sfdcHiddenRegion",
    "type" : "region"
  } ],
  "themeLayoutType" : "Inner",
  "type" : "view",
  "viewType" : "error"
}