{
  "appPageId" : "468f63c0-a528-4c32-88ec-834a56f7f623",
  "componentName" : "siteforce:sldsOneColLayout",
  "dataProviders" : [ ],
  "id" : "20721577-7842-4d15-a60e-51410c78dbaa",
  "label" : "Forgot Password",
  "regions" : [ {
    "components" : [ {
      "componentAttributes" : {
        "richTextValue" : "<p style=\"text-align: center;\"><span style=\"font-size: 22px;\">PASSWORD RESET</span></p>"
      },
      "componentName" : "forceCommunity:richTextInline",
      "id" : "c6953995-092d-4fc5-be7e-ecb70166e07d",
      "renderPriority" : "NEUTRAL",
      "renditionMap" : {
        "es_mx" : "e02c740b-56d5-4a84-9215-e814c82f1181",
        "fr" : "452c3274-a85e-4598-95d9-b64086419917"
      },
      "renditions" : [ {
        "id" : "452c3274-a85e-4598-95d9-b64086419917",
        "renditionValue" : {
          "componentAttributes" : {
            "richTextValue" : "<p style=\"text-align: center;\"><span style=\"font-size: 22px;\">RÉINITIALISATION DU MOT DE PASSE</span></p>"
          }
        },
        "type" : "renditionComponent"
      }, {
        "id" : "e02c740b-56d5-4a84-9215-e814c82f1181",
        "renditionValue" : {
          "componentAttributes" : {
            "richTextValue" : "<p style=\"text-align: center;\"><span style=\"font-size: 22px;\">RESTABLECIMIENTO DE CONTRASEÑA</span></p>"
          }
        },
        "type" : "renditionComponent"
      } ],
      "type" : "component"
    }, {
      "componentAttributes" : {
        "richTextValue" : "<p style=\"text-align: center;\">To reset your password, we'll need your username.</p><p style=\"text-align: center;\">We'll send password reset instructions to the email address associated with your account.</p><p style=\"text-align: center;\"><br></p>"
      },
      "componentName" : "forceCommunity:richTextInline",
      "id" : "029c05d4-ccad-47e1-82cb-c6a9a736025e",
      "renderPriority" : "NEUTRAL",
      "renditionMap" : {
        "es_mx" : "7b5471c9-c360-4f29-9d02-80affb8c4614",
        "fr" : "93f1b9b4-a529-4083-99fb-ba6b862515a0"
      },
      "renditions" : [ {
        "id" : "93f1b9b4-a529-4083-99fb-ba6b862515a0",
        "renditionValue" : {
          "componentAttributes" : {
            "richTextValue" : "<p style=\"text-align: center;\">Pour réinitialiser votre mot de passe, nous aurons besoin de votre nom d'utilisateur.</p><p style=\"text-align: center;\">&nbsp;Nous enverrons des instructions de réinitialisation de mot de passe à l'adresse e-mail associée à votre compte.</p>"
          }
        },
        "type" : "renditionComponent"
      }, {
        "id" : "7b5471c9-c360-4f29-9d02-80affb8c4614",
        "renditionValue" : {
          "componentAttributes" : {
            "richTextValue" : "<p style=\"text-align: center;\">Para restablecer su contraseña, necesitaremos su nombre de usuario.</p><p style=\"text-align: center;\">&nbsp;Enviaremos instrucciones para restablecer la contraseña a la dirección de correo electrónico asociada con su cuenta.</p>"
          }
        },
        "type" : "renditionComponent"
      } ],
      "type" : "component"
    }, {
      "componentAttributes" : {
        "checkEmailUrl" : "./CheckPasswordResetEmail",
        "submitButtonLabel" : "Reset Password",
        "usernameLabel" : "Username"
      },
      "componentName" : "salesforceIdentity:forgotPassword2",
      "id" : "1cbe1b6a-4c23-4f4b-93a5-62cd9cb915e7",
      "renderPriority" : "NEUTRAL",
      "renditionMap" : {
        "es_mx" : "7a89e5de-a6d8-4150-9a8a-df23ecb39769",
        "fr" : "ab184bbe-0a7a-47be-b585-0bd640ee2e55"
      },
      "renditions" : [ {
        "id" : "ab184bbe-0a7a-47be-b585-0bd640ee2e55",
        "renditionValue" : {
          "componentAttributes" : {
            "submitButtonLabel" : "réinitialiser le mot de passe",
            "usernameLabel" : "Nom d'utilisateur"
          }
        },
        "type" : "renditionComponent"
      }, {
        "id" : "7a89e5de-a6d8-4150-9a8a-df23ecb39769",
        "renditionValue" : {
          "componentAttributes" : {
            "submitButtonLabel" : "Restablecer la contraseña",
            "usernameLabel" : "Nombre de usuario"
          }
        },
        "type" : "renditionComponent"
      } ],
      "type" : "component"
    }, {
      "componentAttributes" : {
        "richTextValue" : "<p style=\"text-align: center;\"><a href=\"./\" rel=\"noopener noreferrer\" target=\"_self\">Cancel</a></p>"
      },
      "componentName" : "forceCommunity:richTextInline",
      "id" : "54ae0beb-2b8d-4d67-b6e6-760b3a0b7860",
      "renderPriority" : "NEUTRAL",
      "renditionMap" : {
        "es_mx" : "7ef961ee-3b75-4df5-828e-e2ddac634080",
        "fr" : "7f7defce-4bf2-4e4a-bee8-507371a53a9c"
      },
      "renditions" : [ {
        "id" : "7ef961ee-3b75-4df5-828e-e2ddac634080",
        "renditionValue" : {
          "componentAttributes" : {
            "richTextValue" : "<p style=\"text-align: center;\"><a href=\"./\" rel=\"noopener noreferrer\" target=\"_self\">Cancelar</a></p>"
          }
        },
        "type" : "renditionComponent"
      }, {
        "id" : "7f7defce-4bf2-4e4a-bee8-507371a53a9c",
        "renditionValue" : {
          "componentAttributes" : {
            "richTextValue" : "<p style=\"text-align: center;\"><a href=\"./\" rel=\"noopener noreferrer\" target=\"_self\">Annuler&nbsp;&nbsp;</a>&nbsp;</p>"
          }
        },
        "type" : "renditionComponent"
      } ],
      "type" : "component"
    } ],
    "id" : "33915c7d-9281-4050-8e39-818c20e37faf",
    "regionName" : "content",
    "type" : "region"
  }, {
    "components" : [ {
      "componentAttributes" : {
        "customHeadTags" : "",
        "description" : "",
        "title" : "Forgot Password"
      },
      "componentName" : "forceCommunity:seoAssistant",
      "id" : "d532d277-aef5-4c2c-aec2-19dab8f9dbca",
      "renditionMap" : { },
      "type" : "component"
    } ],
    "id" : "cad9da56-fc95-4bcd-85e9-4aba7f30b951",
    "regionName" : "sfdcHiddenRegion",
    "type" : "region"
  } ],
  "themeLayoutType" : "Login",
  "type" : "view",
  "viewType" : "forgot-password"
}