{
  "appPageId" : "5e889692-eb74-4404-8578-68f8ba3ecb63",
  "componentName" : "siteforce:dynamicLayout",
  "dataProviders" : [ ],
  "id" : "dbd8b05b-234f-4621-8e5f-fbaff0a653f0",
  "label" : "Frequently Asked Questions",
  "regions" : [ {
    "components" : [ {
      "componentAttributes" : {
        "background" : "background: rgba(0,0,0,0)",
        "backgroundOverlay" : "rgba(0,0,0,0.5)",
        "contentAreaWidth" : 100,
        "sectionConfig" : {
          "UUID" : "ec99d0d7-7190-4adf-8dfa-645368e32899",
          "columns" : [ {
            "UUID" : "6e707c2a-9c55-4068-9b4d-03dd9d16e2a6",
            "columnKey" : "1",
            "columnName" : "Column 1",
            "columnWidth" : "12",
            "seedComponents" : [ ]
          } ]
        },
        "sectionHeight" : 300
      },
      "componentName" : "forceCommunity:section",
      "id" : "ec99d0d7-7190-4adf-8dfa-645368e32899",
      "regions" : [ {
        "components" : [ {
          "componentAttributes" : {
            "contentType" : "Frequently Asked Questions"
          },
          "componentName" : "c:lb2bContentBlockContainer",
          "id" : "837db8a7-6b8e-4303-adf7-ca333be64b80",
          "renderPriority" : "NEUTRAL",
          "renditionMap" : { },
          "type" : "component"
        } ],
        "id" : "6e707c2a-9c55-4068-9b4d-03dd9d16e2a6",
        "regionLabel" : "Column 1",
        "regionName" : "1",
        "renditionMap" : { },
        "type" : "region"
      } ],
      "renderPriority" : "NEUTRAL",
      "renditionMap" : { },
      "type" : "component"
    } ],
    "id" : "6140b098-744f-4141-bafd-7df17112a728",
    "regionName" : "content",
    "type" : "region"
  }, {
    "components" : [ {
      "componentAttributes" : {
        "customHeadTags" : "",
        "description" : "",
        "title" : "Frequently Asked Questions"
      },
      "componentName" : "forceCommunity:seoAssistant",
      "id" : "e86dc111-135f-4fc9-a262-b11244fac94d",
      "renditionMap" : { },
      "type" : "component"
    } ],
    "id" : "0b63bef4-dd8d-44ab-9228-413ab65bc227",
    "regionName" : "sfdcHiddenRegion",
    "type" : "region"
  } ],
  "themeLayoutType" : "Inner",
  "type" : "view",
  "viewType" : "custom-frequently-asked-questions"
}