{
  "appPageId" : "5e889692-eb74-4404-8578-68f8ba3ecb63",
  "componentName" : "siteforce:sldsTwoCol84Layout",
  "dataProviders" : [ ],
  "id" : "da93429f-fc69-4bd2-8e70-05836160b08c",
  "label" : "Home",
  "regions" : [ {
    "components" : [ {
      "componentAttributes" : { },
      "componentName" : "c:lb2bBetterCarousel",
      "id" : "52baae7f-766c-462f-95d5-8da751c91637",
      "renderPriority" : "NEUTRAL",
      "renditionMap" : { },
      "type" : "component"
    }, {
      "componentAttributes" : { },
      "componentName" : "c:lb2bOrdersOnHoldContainer",
      "id" : "f2ca3a42-ef69-4f3b-bf95-76818ed950a7",
      "renderPriority" : "NEUTRAL",
      "renditionMap" : { },
      "type" : "component"
    }, {
      "componentAttributes" : {
        "effectiveAccountId" : "{!CurrentUser.effectiveAccountId}"
      },
      "componentName" : "c:lb2bFeaturedProducts",
      "id" : "248637c7-ebb4-4e24-ac1a-45905944a96d",
      "renderPriority" : "NEUTRAL",
      "renditionMap" : { },
      "type" : "component"
    }, {
      "componentAttributes" : { },
      "componentName" : "c:lb2bPromoPanel",
      "id" : "10fb5892-3c62-4a47-8ce5-6bfaba90624b",
      "renderPriority" : "NEUTRAL",
      "renditionMap" : { },
      "type" : "component"
    }, {
      "componentAttributes" : {
        "contentId" : "MCR2DO7ZGTLNCQTNPWIMMJROOV4I"
      },
      "componentName" : "c:lb2bmediapanel",
      "id" : "8071d6c7-dcf8-485d-9a8b-b27ee27720fd",
      "renderPriority" : "NEUTRAL",
      "renditionMap" : { },
      "type" : "component"
    }, {
      "componentAttributes" : { },
      "componentName" : "c:lb2bMostPopularProducts",
      "id" : "9c54feb9-2a5f-4d32-96db-e2b863468bb4",
      "renderPriority" : "NEUTRAL",
      "renditionMap" : { },
      "type" : "component"
    }, {
      "componentAttributes" : {
        "effectiveAccountId" : "{!CurrentUser.effectiveAccountId}",
        "recordId" : "{!recordId}"
      },
      "componentName" : "c:lb2bMostRecentlyViewedProducts",
      "id" : "ddc56f0e-0e7e-4384-b441-37d5f35f681d",
      "renderPriority" : "NEUTRAL",
      "renditionMap" : { },
      "type" : "component"
    }, {
      "componentAttributes" : { },
      "componentName" : "c:lb2bCarousel",
      "id" : "4dab7605-1082-469e-b59c-c50d91ab4d4a",
      "renderPriority" : "NEUTRAL",
      "renditionMap" : { },
      "type" : "component"
    } ],
    "id" : "b6b9992c-ef91-401c-9ffa-93a145bcb38d",
    "regionName" : "header",
    "type" : "region"
  }, {
    "id" : "f4e6ac5f-de70-4fd3-9007-2487450352a9",
    "regionName" : "content",
    "type" : "region"
  }, {
    "components" : [ {
      "componentAttributes" : {
        "allowPrepopulatePrechatFields" : true,
        "avatarImgURL" : "https://gts-na--devoms3--c.visualforce.com/resource/1648553741000/lb2bagentlogo",
        "codeSettingsName" : "",
        "defaultMinimizedText" : "Let's Chat",
        "displayHelpButton" : true,
        "eswConfigurationJSON" : {
          "baseCoreURL" : "https://gts-na--sbd365enh.sandbox.my.salesforce.com",
          "baseLiveAgentContentURL" : "https://c.la3-c1cs-ia6.salesforceliveagent.com/content",
          "baseLiveAgentURL" : "https://d.la3-c1cs-ia6.salesforceliveagent.com/chat",
          "buttonId" : "5733c000000LIFe",
          "deploymentId" : "5723c000000LHuy",
          "enabledFeatures" : [ "LiveAgent" ],
          "entryFeature" : "LiveAgent",
          "eswConfigDevName" : "lb2bgroup",
          "eswConfigId" : "04I3c0000004KVFEA2",
          "eswLiveAgentDevName" : "lb2bgroup",
          "gslbBaseURL" : "https://service.force.com",
          "isOfflineCasesEnabled" : "0",
          "orgId" : "00D63000000nVgB"
        },
        "externalScripts" : "",
        "externalStyles" : "",
        "fallbackRouting" : "",
        "offlineSupportMinimizedText" : "Contact Us",
        "offlineText" : "B2B Agent Offline",
        "onlineLoadingText" : "Loading",
        "prechatBackgroundImgURL" : "",
        "smallCompanyLogoImgURL" : "",
        "snippetSettingsFile" : "LB2BChatSettings",
        "storageDomain" : "",
        "waitingStateBackgroundImgURL" : "https://gts-na--devoms3--c.visualforce.com/resource/1648724161000/lb2bwaitinglogo"
      },
      "componentName" : "forceCommunity:embeddedService",
      "id" : "1b97a086-1068-4c10-af57-dfe90cf6f6f8",
      "renderPriority" : "NEUTRAL",
      "renditionMap" : { },
      "type" : "component"
    } ],
    "id" : "c372eadc-b63c-4089-93d8-9a1fa50a7688",
    "regionName" : "sidebar",
    "type" : "region"
  }, {
    "components" : [ {
      "componentAttributes" : {
        "effectiveAccountId" : "{!CurrentUser.effectiveAccountId}"
      },
      "componentName" : "c:lb2bQuickGetPrice",
      "id" : "93c5ad2c-1fa2-4bb9-ae70-ac928ed2f5bf",
      "renderPriority" : "NEUTRAL",
      "renditionMap" : { },
      "type" : "component"
    } ],
    "id" : "c7ecf962-12e8-453c-a85e-873b55637a7a",
    "regionName" : "footer",
    "type" : "region"
  }, {
    "components" : [ {
      "componentAttributes" : {
        "customHeadTags" : "",
        "description" : "",
        "title" : "Home"
      },
      "componentName" : "forceCommunity:seoAssistant",
      "id" : "a446f67f-9a45-40a5-b642-cf3370a4a9be",
      "renditionMap" : { },
      "type" : "component"
    } ],
    "id" : "5b96f4ae-4122-4e84-9a4d-dcc15b8dd215",
    "regionName" : "sfdcHiddenRegion",
    "type" : "region"
  } ],
  "themeLayoutType" : "Home",
  "type" : "view",
  "viewType" : "home"
}