{
  "appPageId" : "5e889692-eb74-4404-8578-68f8ba3ecb63",
  "componentName" : "siteforce:sldsOneColLayout",
  "dataProviders" : [ ],
  "id" : "7115c34b-7ea0-41f5-9a78-0a0b0201ae24",
  "label" : "My Account",
  "regions" : [ {
    "id" : "cbca0f01-9165-4547-8351-545fa7e22cbf",
    "regionName" : "header",
    "type" : "region"
  }, {
    "components" : [ {
      "componentAttributes" : {
        "tabsetConfig" : {
          "UUID" : "ae61c71a-fc4d-4d0b-a673-610dd64e01a2",
          "activeTab" : "tab1",
          "tabs" : [ {
            "UUID" : "38a37718-b91b-48ca-ab86-3376ebb0cd6e",
            "allowGuestUser" : false,
            "locked" : false,
            "seedComponents" : [ {
              "attributes" : {
                "recordId" : "{!CurrentUser.effectiveAccountId}"
              },
              "fqn" : "forceCommunity:recordDetail"
            } ],
            "tabKey" : "tab1",
            "tabName" : "Account Details"
          } ],
          "useOverflowMenu" : false
        }
      },
      "componentName" : "forceCommunity:tabset",
      "id" : "ae61c71a-fc4d-4d0b-a673-610dd64e01a2",
      "regions" : [ {
        "components" : [ {
          "componentAttributes" : {
            "recordId" : "{!CurrentUser.effectiveAccountId}"
          },
          "componentName" : "forceCommunity:recordDetail",
          "id" : "b55e1d43-70fb-441f-b508-4690e8df30f9",
          "renditionMap" : { },
          "type" : "component"
        } ],
        "id" : "38a37718-b91b-48ca-ab86-3376ebb0cd6e",
        "regionLabel" : "Account Details",
        "regionName" : "tab1",
        "renditionMap" : { },
        "type" : "region"
      } ],
      "renderPriority" : "NEUTRAL",
      "renditionMap" : { },
      "type" : "component"
    } ],
    "id" : "b076eff8-6574-4796-a6ae-aa3474807e82",
    "regionName" : "content",
    "type" : "region"
  }, {
    "id" : "5a0eae73-9b22-437c-b6c5-5c659334a5b1",
    "regionName" : "footer",
    "type" : "region"
  } ],
  "themeLayoutType" : "Inner",
  "type" : "view",
  "viewType" : "my-account"
}