{
  "appPageId" : "5e889692-eb74-4404-8578-68f8ba3ecb63",
  "componentName" : "siteforce:dynamicLayout",
  "dataProviders" : [ ],
  "id" : "9749925e-2d93-4f1e-9f5c-837b60d3d092",
  "label" : "New Checkout",
  "regions" : [ {
    "components" : [ {
      "componentAttributes" : {
        "background" : "background: rgba(0,0,0,0)",
        "backgroundOverlay" : "rgba(0,0,0,0.5)",
        "contentAreaWidth" : 100,
        "sectionConfig" : {
          "UUID" : "3ee5ca83-6932-41cc-933e-ed29ee3d4a45",
          "columns" : [ {
            "UUID" : "80229b6a-9fd9-414c-9704-e2b0b47adcd2",
            "columnKey" : "1",
            "columnName" : "Column 1",
            "columnWidth" : "9",
            "seedComponents" : [ ]
          }, {
            "UUID" : "96f15428-3836-4eb7-9d00-59feb057ac75",
            "columnKey" : "092ee",
            "columnName" : "Column 2",
            "columnWidth" : "3",
            "seedComponents" : [ ]
          } ]
        },
        "sectionHeight" : 300
      },
      "componentName" : "forceCommunity:section",
      "id" : "3ee5ca83-6932-41cc-933e-ed29ee3d4a45",
      "regions" : [ {
        "components" : [ {
          "componentAttributes" : {
            "effectiveAccountId" : "{!CurrentUser.effectiveAccountId}",
            "recordId" : "{!recordId}"
          },
          "componentName" : "c:lb2bCheckoutFinalCartV2",
          "id" : "ec664705-d812-4838-95c7-a1ba519bd576",
          "renderPriority" : "NEUTRAL",
          "renditionMap" : { },
          "type" : "component"
        } ],
        "id" : "80229b6a-9fd9-414c-9704-e2b0b47adcd2",
        "regionLabel" : "Column 1",
        "regionName" : "1",
        "renditionMap" : { },
        "type" : "region"
      }, {
        "components" : [ {
          "componentAttributes" : {
            "effectiveAccountId" : "{!CurrentUser.effectiveAccountId}",
            "recordId" : "{!recordId}"
          },
          "componentName" : "c:lb2bCheckoutCartTotal",
          "id" : "cf6e3fcd-014e-4ca6-a160-523be55de32b",
          "renderPriority" : "NEUTRAL",
          "renditionMap" : { },
          "type" : "component"
        } ],
        "id" : "96f15428-3836-4eb7-9d00-59feb057ac75",
        "regionLabel" : "Column 2",
        "regionName" : "092ee",
        "renditionMap" : { },
        "type" : "region"
      } ],
      "renderPriority" : "NEUTRAL",
      "renditionMap" : { },
      "type" : "component"
    } ],
    "id" : "8f37084e-c65c-4391-9aac-6fe9a5b7cdbf",
    "regionName" : "content",
    "type" : "region"
  } ],
  "themeLayoutType" : "Inner",
  "type" : "view",
  "viewType" : "checkout"
}