{
  "appPageId" : "5e889692-eb74-4404-8578-68f8ba3ecb63",
  "componentName" : "siteforce:dynamicLayout",
  "dataProviders" : [ ],
  "id" : "dcaf693e-0cd3-4055-8c71-bf4ea46d1f2a",
  "label" : "News Detail",
  "regions" : [ {
    "components" : [ {
      "componentAttributes" : {
        "background" : "background: rgba(0,0,0,0)",
        "backgroundOverlay" : "rgba(0,0,0,0.5)",
        "contentAreaWidth" : 100,
        "sectionConfig" : {
          "UUID" : "830dc5b7-4731-4b21-a54c-e4b69e84cfc8",
          "columns" : [ {
            "UUID" : "2acdce4c-61b6-4e4b-a851-dcc605db70aa",
            "columnKey" : "1",
            "columnName" : "Column 1",
            "columnWidth" : "12",
            "seedComponents" : [ ]
          } ]
        },
        "sectionHeight" : 300
      },
      "componentName" : "forceCommunity:section",
      "id" : "830dc5b7-4731-4b21-a54c-e4b69e84cfc8",
      "regions" : [ {
        "id" : "2acdce4c-61b6-4e4b-a851-dcc605db70aa",
        "regionLabel" : "Column 1",
        "regionName" : "1",
        "renditionMap" : { },
        "type" : "region"
      } ],
      "renderPriority" : "NEUTRAL",
      "renditionMap" : { },
      "type" : "component"
    } ],
    "id" : "500b8099-58d3-40dd-af47-c710da8287fb",
    "regionName" : "content",
    "type" : "region"
  }, {
    "components" : [ {
      "componentAttributes" : {
        "customHeadTags" : "",
        "description" : "",
        "title" : "{!Content.contentTypeLabel}.{!Content.title}"
      },
      "componentName" : "forceCommunity:seoAssistant",
      "id" : "9cf1b685-3a28-438c-b99c-6d73576a965c",
      "renditionMap" : { },
      "type" : "component"
    } ],
    "id" : "03e2e406-cbce-416c-9240-761fb8434777",
    "regionName" : "sfdcHiddenRegion",
    "type" : "region"
  } ],
  "themeLayoutType" : "Inner",
  "type" : "view",
  "viewType" : "managed-content-news"
}