{
  "appPageId" : "5e889692-eb74-4404-8578-68f8ba3ecb63",
  "componentName" : "siteforce:sldsOneColLayout",
  "dataProviders" : [ ],
  "id" : "36ef9d05-1c0e-4676-831d-bfc6e1b82c05",
  "label" : "No Search Results",
  "regions" : [ {
    "id" : "bd800183-7329-4ba4-870a-89290524347e",
    "regionName" : "header",
    "type" : "region"
  }, {
    "components" : [ {
      "componentAttributes" : {
        "richTextValue" : "<h1 class=\"slds-text-heading_medium\"> We are sorry, but no results were found for \"{!term}\" </h1><br>\n <div class=\"slds-grid slds-grid--vertical slds-align--absolute-center slds-text-longform\">\n     <img src=\"/sfsites/c/img/search/no-results.png\" class=\"slds-p-horizontal--large\" alt=\"\"/>\n     <h2 class=\"slds-text-heading_medium\"> SEARCH TIPS: </h2>\n     <ol class=\"slds-text-body_regular\">\n         <li> Double-check the spelling. </li>\n         <li> Change your search query. </li>\n         <li> Be less Specific. </li>\n     </ol>\n</div>"
      },
      "componentName" : "forceCommunity:htmlBlock",
      "id" : "76ae51a1-1e8e-4e48-a6e0-81099ce5b506",
      "renderPriority" : "NEUTRAL",
      "renditionMap" : {
        "es_mx" : "6f082819-3398-4ea9-bb87-a4d21e90b100",
        "fr" : "cf5a2fe7-95f8-4083-9186-ea80a7850211"
      },
      "renditions" : [ {
        "id" : "6f082819-3398-4ea9-bb87-a4d21e90b100",
        "renditionValue" : {
          "componentAttributes" : {
            "richTextValue" : "<h1>Lo sentimos, pero no se encontraron resultados para \"{!term}\" </h1><br>\n <div class=\"slds-grid slds-grid--vertical slds-align--absolute-center slds-text-longform\">\n     <img src=\"/sfsites/c/img/search/no-results.png\" class=\"slds-p-horizontal--large\" alt=\"\"/>\n     <h2 class=\"slds-text-heading_medium\"> CONSEJOS DE BÚSQUEDA: </h2>\n     <ol class=\"slds-text-body_regular\">\n         <li> Revisa la ortografía. </li>\n         <li> Cambie su consulta de búsqueda. </li>\n         <li> Ser menos específico. </li>\n     </ol>\n</div>"
          }
        },
        "type" : "renditionComponent"
      }, {
        "id" : "cf5a2fe7-95f8-4083-9186-ea80a7850211",
        "renditionValue" : {
          "componentAttributes" : {
            "richTextValue" : "<h1> Nous sommes désolés, mais aucun résultat n'a été trouvé pour \"{!term}\" </h1><br>\n <div class=\"slds-grid slds-grid--vertical slds-align--absolute-center slds-text-longform\">\n     <img src=\"/sfsites/c/img/search/no-results.png\" class=\"slds-p-horizontal--large\" alt=\"\"/>\n     <h2 class=\"slds-text-heading_medium\"> ASTUCES DE RECHERCHE: </h2>\n     <ol class=\"slds-text-body_regular\">\n         <li> Vérifiez l'orthographe. </li>\n         <li> Modifiez votre requête de recherche. </li>\n         <li> Soyez moins précis. </li>\n     </ol>\n</div>"
          }
        },
        "type" : "renditionComponent"
      } ],
      "type" : "component"
    } ],
    "id" : "e24da80a-f977-4b22-99e0-32e82e85e495",
    "regionName" : "content",
    "type" : "region"
  }, {
    "components" : [ {
      "componentAttributes" : {
        "effectiveAccountId" : "{!CurrentUser.effectiveAccountId}"
      },
      "componentName" : "c:lb2bQuickGetPrice",
      "id" : "f2debf3c-f132-46ad-9519-872fece49d8d",
      "renderPriority" : "NEUTRAL",
      "renditionMap" : { },
      "type" : "component"
    } ],
    "id" : "8d1bc099-5e07-434a-bc6d-1f2f05cb9718",
    "regionName" : "footer",
    "type" : "region"
  } ],
  "themeLayoutType" : "Inner",
  "type" : "view",
  "viewType" : "no-results"
}