{
  "appPageId" : "5e889692-eb74-4404-8578-68f8ba3ecb63",
  "componentName" : "siteforce:dynamicLayout",
  "dataProviders" : [ ],
  "id" : "36e258e4-e31f-47c1-bf13-be63f1a91619",
  "label" : "onHold-OrderConfirmation",
  "regions" : [ {
    "components" : [ {
      "componentAttributes" : {
        "background" : "background: rgba(0,0,0,0)",
        "backgroundOverlay" : "rgba(0,0,0,0.5)",
        "contentAreaWidth" : 100,
        "sectionConfig" : {
          "UUID" : "31d95644-0c86-454a-9e29-b85ef596b253",
          "columns" : [ {
            "UUID" : "67521353-bfef-4f83-bd5e-3080ae64bae4",
            "columnKey" : "1",
            "columnName" : "Column 1",
            "columnWidth" : "12",
            "seedComponents" : [ ]
          } ]
        },
        "sectionHeight" : 300
      },
      "componentName" : "forceCommunity:section",
      "id" : "31d95644-0c86-454a-9e29-b85ef596b253",
      "regions" : [ {
        "components" : [ {
          "componentAttributes" : { },
          "componentName" : "c:lb2bOnHoldOrderConfirmation",
          "id" : "b230ec21-6d0d-4a81-baf4-09de4a71b0ae",
          "renderPriority" : "NEUTRAL",
          "renditionMap" : { },
          "type" : "component"
        }, {
          "componentAttributes" : {
            "effectiveAccountId" : "{!CurrentUser.effectiveAccountId}"
          },
          "componentName" : "c:lb2bQuickGetPrice",
          "id" : "185f9445-3ca3-46f1-ad48-12a93bb6768a",
          "renderPriority" : "NEUTRAL",
          "renditionMap" : { },
          "type" : "component"
        } ],
        "id" : "67521353-bfef-4f83-bd5e-3080ae64bae4",
        "regionLabel" : "Column 1",
        "regionName" : "1",
        "renditionMap" : { },
        "type" : "region"
      } ],
      "renderPriority" : "NEUTRAL",
      "renditionMap" : { },
      "type" : "component"
    } ],
    "id" : "cdc702d8-c49b-4c55-8de4-aeb4e7de48e8",
    "regionName" : "content",
    "type" : "region"
  }, {
    "components" : [ {
      "componentAttributes" : {
        "customHeadTags" : "",
        "description" : "",
        "title" : "onHold-OrderConfirmation"
      },
      "componentName" : "forceCommunity:seoAssistant",
      "id" : "d80c20bc-37c4-4077-b89d-b1da429e5387",
      "renditionMap" : { },
      "type" : "component"
    } ],
    "id" : "c3dd95f0-b6d2-4e34-86c3-14a69379a3d8",
    "regionName" : "sfdcHiddenRegion",
    "type" : "region"
  } ],
  "themeLayoutType" : "Inner",
  "type" : "view",
  "viewType" : "custom-onhold-orderconfirmation"
}