{
  "appPageId" : "5e889692-eb74-4404-8578-68f8ba3ecb63",
  "componentName" : "siteforce:dynamicLayout",
  "dataProviders" : [ ],
  "id" : "376dbbfe-4247-436c-bfa5-eff5dcbab3ae",
  "label" : "OnHold-OrderDetail",
  "regions" : [ {
    "components" : [ {
      "componentAttributes" : {
        "background" : "background: rgba(0,0,0,0)",
        "backgroundOverlay" : "rgba(0,0,0,0.5)",
        "contentAreaWidth" : 100,
        "sectionConfig" : {
          "UUID" : "7bdff03e-0060-4f77-a45b-b9700472536b",
          "columns" : [ {
            "UUID" : "b3935ef0-067b-47f6-b183-d74bbd270ed3",
            "columnKey" : "1",
            "columnName" : "Column 1",
            "columnWidth" : "12",
            "seedComponents" : [ ]
          } ]
        },
        "sectionHeight" : 300
      },
      "componentName" : "forceCommunity:section",
      "id" : "7bdff03e-0060-4f77-a45b-b9700472536b",
      "regions" : [ {
        "components" : [ {
          "componentAttributes" : { },
          "componentName" : "c:lb2bOnHoldOrderDetail",
          "id" : "ab4272c8-3a2a-4aa5-b4db-65b7d5d267d6",
          "renderPriority" : "NEUTRAL",
          "renditionMap" : { },
          "type" : "component"
        }, {
          "componentAttributes" : {
            "effectiveAccountId" : "{!CurrentUser.effectiveAccountId}"
          },
          "componentName" : "c:lb2bQuickGetPrice",
          "id" : "4342afb0-0e14-4e9c-b514-e10883bbf3f1",
          "renderPriority" : "NEUTRAL",
          "renditionMap" : { },
          "type" : "component"
        } ],
        "id" : "b3935ef0-067b-47f6-b183-d74bbd270ed3",
        "regionLabel" : "Column 1",
        "regionName" : "1",
        "renditionMap" : { },
        "type" : "region"
      } ],
      "renderPriority" : "NEUTRAL",
      "renditionMap" : { },
      "type" : "component"
    } ],
    "id" : "5f76c451-8bb4-462d-bc0f-bb70e3b52839",
    "regionName" : "content",
    "type" : "region"
  }, {
    "components" : [ {
      "componentAttributes" : {
        "customHeadTags" : "",
        "description" : "",
        "title" : "OnHold-OrderDetail"
      },
      "componentName" : "forceCommunity:seoAssistant",
      "id" : "a488d2ec-11b1-4f0e-8f35-10913a7a8bbb",
      "renditionMap" : { },
      "type" : "component"
    } ],
    "id" : "601d1401-e885-491b-8637-afc4a8774fb9",
    "regionName" : "sfdcHiddenRegion",
    "type" : "region"
  } ],
  "themeLayoutType" : "Inner",
  "type" : "view",
  "viewType" : "custom-onhold-orderdetail"
}