{
  "appPageId" : "5e889692-eb74-4404-8578-68f8ba3ecb63",
  "componentName" : "siteforce:sldsOneColLayout",
  "dataProviders" : [ ],
  "id" : "3ae66d74-cfe4-4bb6-b8a0-931a6cd715f0",
  "label" : "Order Review",
  "regions" : [ {
    "id" : "0107fbe0-37e2-438c-ba5b-c541503efa12",
    "regionName" : "header",
    "type" : "region"
  }, {
    "components" : [ {
      "componentAttributes" : { },
      "componentName" : "c:lb2bOrderReviewV2",
      "id" : "42026391-41ef-446a-abf4-5945dec01179",
      "renderPriority" : "NEUTRAL",
      "renditionMap" : { },
      "type" : "component"
    } ],
    "id" : "9003f52b-f8cb-47f3-9216-cded1c7d6d2f",
    "regionName" : "content",
    "type" : "region"
  }, {
    "id" : "28a0154d-d3ec-47bd-9208-7d7722f3dccc",
    "regionName" : "footer",
    "type" : "region"
  }, {
    "components" : [ {
      "componentAttributes" : {
        "customHeadTags" : "",
        "description" : "",
        "title" : "Order Review"
      },
      "componentName" : "forceCommunity:seoAssistant",
      "id" : "ff801a88-20a6-4a5f-ba1a-937d6d8b7e18",
      "renditionMap" : { },
      "type" : "component"
    } ],
    "id" : "0cfe1e3e-3229-439b-87e0-ed0557ec37e4",
    "regionName" : "sfdcHiddenRegion",
    "type" : "region"
  } ],
  "themeLayoutType" : "Inner",
  "type" : "view",
  "viewType" : "custom-order-review"
}