{
  "appPageId" : "5e889692-eb74-4404-8578-68f8ba3ecb63",
  "componentName" : "siteforce:dynamicLayout",
  "dataProviders" : [ ],
  "id" : "d3e48120-a67d-40ef-b3c7-8716cb10a80f",
  "label" : "Order Summary Detail",
  "regions" : [ {
    "components" : [ {
      "componentAttributes" : {
        "background" : "background: rgba(0,0,0,0)",
        "backgroundOverlay" : "rgba(0,0,0,0.5)",
        "contentAreaWidth" : 100,
        "sectionConfig" : {
          "UUID" : "d9ce7a9f-a751-4d6a-a861-86ed98d1201a",
          "columns" : [ {
            "UUID" : "a80dbe8b-da47-4b18-82cd-264e0b29d67e",
            "columnKey" : "col1",
            "columnName" : "column 1",
            "columnWidth" : "12",
            "seedComponents" : [ {
              "attributes" : {
                "recordId" : "{!recordId}",
                "sfdc:identifier" : "b2b_buyer_builder_orderSummaryDetailsHeader"
              },
              "fqn" : "b2b_buyer_builder:orderSummaryDetailsHeader"
            } ]
          } ]
        },
        "sectionHeight" : 32
      },
      "componentName" : "forceCommunity:section",
      "id" : "d9ce7a9f-a751-4d6a-a861-86ed98d1201a",
      "regions" : [ {
        "components" : [ {
          "componentAttributes" : {
            "showOrderNumber" : false,
            "startReOrderButtonBackgroundColor" : "",
            "startReOrderButtonBackgroundHoverColor" : "",
            "startReOrderButtonBorderColor" : "",
            "startReOrderButtonBorderRadius" : "0",
            "startReOrderButtonText" : "Reorder",
            "startReOrderButtonTextColor" : "",
            "startReOrderButtonTextHoverColor" : "",
            "title" : ""
          },
          "componentName" : "b2b_buyer_builder:orderSummaryDetailsHeader",
          "id" : "856a76f1-7dff-4be9-9776-b7de0d7fb9d6",
          "renderPriority" : "NEUTRAL",
          "renditionMap" : { },
          "type" : "component"
        } ],
        "id" : "a80dbe8b-da47-4b18-82cd-264e0b29d67e",
        "regionLabel" : "column 1",
        "regionName" : "col1",
        "renditionMap" : { },
        "type" : "region"
      } ],
      "renderPriority" : "NEUTRAL",
      "renditionMap" : { },
      "type" : "component"
    }, {
      "componentAttributes" : {
        "background" : "background: rgba(0,0,0,0)",
        "backgroundOverlay" : "rgba(0,0,0,0.5)",
        "contentAreaWidth" : 100,
        "sectionConfig" : {
          "UUID" : "6c3d0f2e-fd19-48c0-8212-6295de580022",
          "columns" : [ {
            "UUID" : "47627794-96b4-499f-8acc-c664fbe5cb2e",
            "columnKey" : "col1",
            "columnName" : "column 1",
            "columnWidth" : "12",
            "seedComponents" : [ {
              "attributes" : {
                "recordId" : "{!recordId}",
                "sfdc:identifier" : "b2b_buyer_builder_orderSummaryHighlights"
              },
              "fqn" : "b2b_buyer_builder:orderSummaryHighlights"
            }, {
              "attributes" : {
                "recordId" : "{!recordId}",
                "sfdc:identifier" : "b2b_buyer_builder_orderSummaryTotals"
              },
              "fqn" : "b2b_buyer_builder:orderSummaryTotals"
            }, {
              "attributes" : {
                "recordId" : "{!recordId}",
                "sfdc:identifier" : "b2b_buyer_builder_orderSummaryAppliedPromotions"
              },
              "fqn" : "b2b_buyer_builder:orderSummaryAppliedPromotions"
            } ]
          } ]
        },
        "sectionHeight" : 32
      },
      "componentName" : "forceCommunity:section",
      "id" : "6c3d0f2e-fd19-48c0-8212-6295de580022",
      "regions" : [ {
        "components" : [ {
          "componentAttributes" : { },
          "componentName" : "c:lb2bOrderDetail",
          "id" : "e17517cb-0aec-437e-ae98-4395b8b7319a",
          "renderPriority" : "NEUTRAL",
          "renditionMap" : { },
          "type" : "component"
        } ],
        "id" : "47627794-96b4-499f-8acc-c664fbe5cb2e",
        "regionLabel" : "column 1",
        "regionName" : "col1",
        "renditionMap" : { },
        "type" : "region"
      } ],
      "renderPriority" : "NEUTRAL",
      "renditionMap" : { },
      "type" : "component"
    } ],
    "id" : "6b2295fd-7d70-49ee-a96b-8a82974518eb",
    "regionName" : "content",
    "type" : "region"
  }, {
    "components" : [ {
      "componentAttributes" : {
        "customHeadTags" : "",
        "description" : "",
        "title" : "{!Record._Object}: {!Record._Title}"
      },
      "componentName" : "forceCommunity:seoAssistant",
      "id" : "8face639-2f8e-48d2-be46-2496d94c1b2a",
      "renditionMap" : { },
      "type" : "component"
    } ],
    "id" : "80e1aef3-0a1b-4170-b894-ba5d0a18f9ff",
    "regionName" : "sfdcHiddenRegion",
    "type" : "region"
  } ],
  "themeLayoutType" : "Inner",
  "type" : "view",
  "viewType" : "detail-1Os"
}