{
  "appPageId" : "5e889692-eb74-4404-8578-68f8ba3ecb63",
  "componentName" : "siteforce:sldsOneColLayout",
  "dataProviders" : [ ],
  "id" : "be14cb90-b6d9-4695-bb88-d86b939ff6d1",
  "label" : "Order Summary List",
  "regions" : [ {
    "components" : [ {
      "componentAttributes" : {
        "richTextValue" : "<h1><span style=\"color: rgb(0, 0, 0); font-size: 16px;\"> Order History </span></h1>"
      },
      "componentName" : "forceCommunity:richTextInline",
      "id" : "05a98f7e-aa27-460d-899e-71620ca875e5",
      "renderPriority" : "NEUTRAL",
      "renditionMap" : { },
      "type" : "component"
    } ],
    "id" : "bb0d9c5d-a11c-4381-b2ab-aa41f7f35358",
    "regionName" : "header",
    "type" : "region"
  }, {
    "components" : [ {
      "componentAttributes" : { },
      "componentName" : "c:lb2bOrderHistory",
      "id" : "f5d3ae6c-43a6-40b9-b45c-b44bbcbc988c",
      "renderPriority" : "NEUTRAL",
      "renditionMap" : { },
      "type" : "component"
    } ],
    "id" : "2130d9b2-c991-441c-b8c6-778e0761979f",
    "regionName" : "content",
    "type" : "region"
  }, {
    "id" : "c7f15799-538c-494a-bea6-f530a1676760",
    "regionName" : "footer",
    "type" : "region"
  } ],
  "themeLayoutType" : "Inner",
  "type" : "view",
  "viewType" : "list-1Os"
}