{
  "appPageId" : "5e889692-eb74-4404-8578-68f8ba3ecb63",
  "componentName" : "siteforce:dynamicLayout",
  "dataProviders" : [ ],
  "id" : "1a23b64a-5f7d-4062-8d50-d4e24b28d705",
  "label" : "Parked Carts",
  "regions" : [ {
    "components" : [ {
      "componentAttributes" : {
        "background" : "background: rgba(0,0,0,0)",
        "backgroundOverlay" : "rgba(0,0,0,0.5)",
        "contentAreaWidth" : 100,
        "sectionConfig" : {
          "UUID" : "985fc0c1-56bd-411b-ab16-d991e2e3d011",
          "columns" : [ {
            "UUID" : "cfb92954-f6be-4430-8e85-6d5d6b632dfc",
            "columnKey" : "1",
            "columnName" : "Column 1",
            "columnWidth" : "12",
            "seedComponents" : [ ]
          } ]
        },
        "sectionHeight" : 300
      },
      "componentName" : "forceCommunity:section",
      "id" : "985fc0c1-56bd-411b-ab16-d991e2e3d011",
      "regions" : [ {
        "components" : [ {
          "componentAttributes" : { },
          "componentName" : "c:lb2bParkedCartsList",
          "id" : "953b91b3-80bd-4ebd-99cc-1da0ffabffce",
          "renderPriority" : "NEUTRAL",
          "renditionMap" : { },
          "type" : "component"
        } ],
        "id" : "cfb92954-f6be-4430-8e85-6d5d6b632dfc",
        "regionLabel" : "Column 1",
        "regionName" : "1",
        "renditionMap" : { },
        "type" : "region"
      } ],
      "renderPriority" : "NEUTRAL",
      "renditionMap" : { },
      "type" : "component"
    } ],
    "id" : "c0f0f3b9-6f8e-40f1-8f02-2d544b354f81",
    "regionName" : "content",
    "type" : "region"
  }, {
    "components" : [ {
      "componentAttributes" : {
        "customHeadTags" : "",
        "description" : "",
        "title" : "Parked Carts"
      },
      "componentName" : "forceCommunity:seoAssistant",
      "id" : "00eb1b9b-1dcf-41b3-8ade-5483039a098d",
      "renditionMap" : { },
      "type" : "component"
    } ],
    "id" : "eb6f3162-c2ee-4043-bb9f-288a7ef7053e",
    "regionName" : "sfdcHiddenRegion",
    "type" : "region"
  } ],
  "themeLayoutType" : "Inner",
  "type" : "view",
  "viewType" : "custom-parked-carts"
}