{
  "appPageId" : "5e889692-eb74-4404-8578-68f8ba3ecb63",
  "componentName" : "siteforce:dynamicLayout",
  "dataProviders" : [ ],
  "id" : "be29d2a7-ce70-4b2e-85cc-2250844d700f",
  "label" : "Privacy Policy",
  "regions" : [ {
    "components" : [ {
      "componentAttributes" : {
        "background" : "background: rgba(0,0,0,0)",
        "backgroundOverlay" : "rgba(0,0,0,0.5)",
        "contentAreaWidth" : 100,
        "sectionConfig" : {
          "UUID" : "96ebd157-d970-4530-a50f-886d13848427",
          "columns" : [ {
            "UUID" : "3d851771-baf6-4fdb-87cf-32b2dc5255e0",
            "columnKey" : "1",
            "columnName" : "Column 1",
            "columnWidth" : "12",
            "seedComponents" : [ ]
          } ]
        },
        "sectionHeight" : 300
      },
      "componentName" : "forceCommunity:section",
      "id" : "96ebd157-d970-4530-a50f-886d13848427",
      "regions" : [ {
        "components" : [ {
          "componentAttributes" : {
            "contentType" : "Privacy Policy"
          },
          "componentName" : "c:lb2bContentBlockContainer",
          "id" : "c345426a-6812-43e5-b6f3-a245bb88a74b",
          "renderPriority" : "NEUTRAL",
          "renditionMap" : {
            "es_mx" : "888603c0-60c4-47cb-a5ac-ca369c371201"
          },
          "renditions" : [ {
            "id" : "888603c0-60c4-47cb-a5ac-ca369c371201",
            "renditionValue" : {
              "componentAttributes" : {
                "contentType" : "Privacy Policy"
              }
            },
            "type" : "renditionComponent"
          } ],
          "type" : "component"
        } ],
        "id" : "3d851771-baf6-4fdb-87cf-32b2dc5255e0",
        "regionLabel" : "Column 1",
        "regionName" : "1",
        "renditionMap" : { },
        "type" : "region"
      } ],
      "renderPriority" : "NEUTRAL",
      "renditionMap" : { },
      "type" : "component"
    } ],
    "id" : "2a782324-ee79-4689-81df-359701ca81e9",
    "regionName" : "content",
    "type" : "region"
  }, {
    "components" : [ {
      "componentAttributes" : {
        "customHeadTags" : "",
        "description" : "",
        "title" : "Privacy Policy"
      },
      "componentName" : "forceCommunity:seoAssistant",
      "id" : "68031dfd-d3e4-408e-a496-3a6e9e9fbaad",
      "renditionMap" : { },
      "type" : "component"
    } ],
    "id" : "386d78da-a960-4fbc-a9c6-7eb43c313aa9",
    "regionName" : "sfdcHiddenRegion",
    "type" : "region"
  } ],
  "themeLayoutType" : "Inner",
  "type" : "view",
  "viewType" : "custom-privacy-policy"
}