{
  "appPageId" : "5e889692-eb74-4404-8578-68f8ba3ecb63",
  "componentName" : "siteforce:sldsTwoCol66Layout",
  "dataProviders" : [ ],
  "id" : "9b8beb54-b5d2-4290-bb16-2db02da0d56d",
  "label" : "Product Detail",
  "regions" : [ {
    "components" : [ {
      "componentAttributes" : {
        "breadcrumbsColor" : "rgb(0, 0, 0)",
        "breadcrumbsFontSize" : "small"
      },
      "componentName" : "b2b_buyer_builder:productDetailsBreadcrumbs",
      "id" : "113fd9ba-7162-49d7-9eed-209563dd979c",
      "renderPriority" : "NEUTRAL",
      "renditionMap" : {
        "small" : "b1044ae5-0130-48b3-9bec-dc94d3c5d399"
      },
      "renditions" : [ {
        "id" : "b1044ae5-0130-48b3-9bec-dc94d3c5d399",
        "renditionValue" : {
          "isVisible" : true
        },
        "type" : "renditionComponent"
      } ],
      "type" : "component"
    } ],
    "id" : "74923b1c-8f16-4a86-9f03-55e5167dea47",
    "regionName" : "header",
    "type" : "region"
  }, {
    "components" : [ {
      "componentAttributes" : {
        "carouselPosition" : "below",
        "imageBorderColor" : "",
        "showImageCarousel" : true
      },
      "componentName" : "b2b_buyer_builder:productDetailsGallery",
      "id" : "edef822a-098a-4a7d-a13b-542632f2f834",
      "renderPriority" : "NEUTRAL",
      "renditionMap" : {
        "small" : "c8eeb77e-239f-4cd2-a4cb-0ae9768a014b"
      },
      "renditions" : [ {
        "id" : "c8eeb77e-239f-4cd2-a4cb-0ae9768a014b",
        "renditionValue" : {
          "isVisible" : true
        },
        "type" : "renditionComponent"
      } ],
      "type" : "component"
    } ],
    "id" : "57866334-5b4a-4743-ae7b-c862d589f2d0",
    "regionName" : "content",
    "type" : "region"
  }, {
    "components" : [ {
      "componentAttributes" : {
        "identifierName" : "SKU#",
        "productDetailSummaryFieldMapping" : "[{\"name\":\"ProductCode\",\"label\":\"Product Code\",\"type\":\"STRING\"},{\"name\":\"ProductCode\",\"label\":\"Product Code\",\"type\":\"STRING\"},{\"name\":\"ProductCode\",\"label\":\"Product Code\",\"type\":\"STRING\"}]",
        "titleTextColor" : "",
        "titleTextSize" : "large"
      },
      "componentName" : "b2b_buyer_builder:productDetailsHeading",
      "id" : "fab13d6d-d153-4294-89b8-93cd3996d64b",
      "renderPriority" : "NEUTRAL",
      "renditionMap" : { },
      "type" : "component"
    }, {
      "componentAttributes" : {
        "customDisplayFields" : "",
        "effectiveAccountId" : "{!CurrentUser.effectiveAccountId}",
        "recordId" : "{!recordId}"
      },
      "componentName" : "c:lb2bProductDetails",
      "id" : "0bf81fbb-8160-4468-bdf4-d78ba9f46601",
      "renderPriority" : "NEUTRAL",
      "renditionMap" : { },
      "type" : "component"
    }, {
      "componentAttributes" : {
        "effectiveAccountId" : "{!CurrentUser.effectiveAccountId}"
      },
      "componentName" : "c:lb2bQuanitySelector",
      "id" : "b0a90868-a42f-499c-92bf-1f4e92a5fe08",
      "renderPriority" : "NEUTRAL",
      "renditionMap" : { },
      "type" : "component"
    }, {
      "componentAttributes" : {
        "recordId" : "{!recordId}"
      },
      "componentName" : "c:lb2bExportPDF",
      "id" : "489e7517-207e-4a24-94d8-788c8c25629a",
      "renderPriority" : "NEUTRAL",
      "renditionMap" : { },
      "type" : "component"
    } ],
    "id" : "f2ffb04f-7ced-4a17-ad20-ea27fdcf215c",
    "regionName" : "sidebar",
    "type" : "region"
  }, {
    "components" : [ {
      "componentAttributes" : {
        "customDisplayFields" : "baseproductno__c, batteryhazmatbhbo__c, batterytype__c, bladetypetpi__c, batterylife__c, batteryincluded__c, batteryqty__c, batteryamphoursah__c, chargerincludedyn__c, chargertype__c, colorfamily__c,cordlessvscorded__c, itemdiameter__c, laserbp__c, materialapplications__c, motortype__c, piececount__c, productabrasivenes__c, productapplication__c, productfinish__c, productprimarymaterial__c, voltagev__c, unitofmeasure__c,SUB_BRAND__c,countryoforigin__c",
        "customDisplayPackaging" : "itemlength__c,itemheight__c,itemwidth__c,itemweight__c,masterheightinches__c, masterlengthinches__c, masterquantity__c,masterweightpounds__c, masterwidthinches__c, mastersperpalletifavailable__c,caseheightinches__c, caselengthinches__c, casequantity__c, caseweightpounds__c,casewidthinches__c, casesperpalletifavailable__c, palletheightinches__c,palletlengthinches__c, palletquantity__c, palletweightpounds__c, palletwidthinches__c",
        "effectiveAccountId" : "{!CurrentUser.effectiveAccountId}",
        "recordId" : "{!recordId}"
      },
      "componentName" : "c:lb2bProductInformation",
      "id" : "4b62b9ad-0ef3-45ec-a419-ba0802d3aeda",
      "renderPriority" : "NEUTRAL",
      "renditionMap" : { },
      "type" : "component"
    }, {
      "componentAttributes" : {
        "effectiveAccountId" : "{!CurrentUser.effectiveAccountId}",
        "recordId" : "{!recordId}"
      },
      "componentName" : "c:lb2bRelatedProducts",
      "id" : "d125a467-367f-41b1-afc1-adbf954c2be1",
      "renderPriority" : "NEUTRAL",
      "renditionMap" : { },
      "type" : "component"
    }, {
      "componentAttributes" : {
        "recordId" : "{!recordId}"
      },
      "componentName" : "c:lb2bProductCards",
      "id" : "8c403da2-f3af-442d-9bc0-4b0e013d6088",
      "renderPriority" : "NEUTRAL",
      "renditionMap" : { },
      "type" : "component"
    }, {
      "componentAttributes" : {
        "contentType" : "Banner"
      },
      "componentName" : "c:lb2bBannerContainer",
      "id" : "3af43874-c7d0-468b-ad9e-cae1d682996f",
      "renderPriority" : "NEUTRAL",
      "renditionMap" : { },
      "type" : "component"
    }, {
      "componentAttributes" : {
        "effectiveAccountId" : "{!CurrentUser.effectiveAccountId}"
      },
      "componentName" : "c:lb2bMostPopularProducts",
      "id" : "24c9a3ce-59a1-4e54-8750-466673faaffa",
      "renderPriority" : "NEUTRAL",
      "renditionMap" : { },
      "type" : "component"
    }, {
      "componentAttributes" : {
        "effectiveAccountId" : "{!CurrentUser.effectiveAccountId}",
        "recordId" : "{!recordId}"
      },
      "componentName" : "c:lb2bMostRecentlyViewedProducts",
      "id" : "5de1b036-fc23-4c1f-b675-a56d5ffedb0a",
      "renderPriority" : "NEUTRAL",
      "renditionMap" : { },
      "type" : "component"
    }, {
      "componentAttributes" : {
        "effectiveAccountId" : "{!CurrentUser.effectiveAccountId}"
      },
      "componentName" : "c:lb2bQuickGetPrice",
      "id" : "355cd940-5e25-427a-89b2-f28f68b85487",
      "renderPriority" : "NEUTRAL",
      "renditionMap" : { },
      "type" : "component"
    }, {
      "componentAttributes" : {
        "recordId" : "{!recordId}"
      },
      "componentName" : "c:lb2bPDPBrandBanner",
      "id" : "40c5ca64-7532-46de-854a-b5707e985a53",
      "renderPriority" : "NEUTRAL",
      "renditionMap" : { },
      "type" : "component"
    }, {
      "componentAttributes" : { },
      "componentName" : "c:lb2bPricingAccountSelector",
      "id" : "3fa1cd89-5e8f-420d-9352-dd491f7bd67b",
      "renderPriority" : "NEUTRAL",
      "renditionMap" : { },
      "type" : "component"
    }, {
      "componentAttributes" : {
        "effectiveAccountId" : "{!CurrentUser.effectiveAccountId}"
      },
      "componentName" : "c:lb2bRelatedProductsV2",
      "id" : "f7307859-8ccc-4a01-8a6a-7c2dcd5b86f5",
      "renderPriority" : "NEUTRAL",
      "renditionMap" : { },
      "type" : "component"
    } ],
    "id" : "89ef2b00-3f57-4d16-b755-ae6013ed27aa",
    "regionName" : "footer",
    "type" : "region"
  }, {
    "components" : [ {
      "componentAttributes" : {
        "customHeadTags" : "",
        "description" : "",
        "title" : "{!Record._Object}: {!Record._Title}"
      },
      "componentName" : "forceCommunity:seoAssistant",
      "id" : "141a9ada-98aa-4383-bf04-37a77be64215",
      "renditionMap" : { },
      "type" : "component"
    } ],
    "id" : "8d9e789e-b9f6-4ad7-ba78-501728bed3d8",
    "regionName" : "sfdcHiddenRegion",
    "type" : "region"
  } ],
  "themeLayoutType" : "Inner",
  "type" : "view",
  "viewType" : "detail-01t"
}