{
  "appPageId" : "5e889692-eb74-4404-8578-68f8ba3ecb63",
  "componentName" : "siteforce:sldsOneColLayout",
  "dataProviders" : [ ],
  "id" : "c243e97d-db0f-4a3b-989a-042d21d27e9a",
  "label" : "Product Related List",
  "regions" : [ {
    "id" : "a3d3d52b-75f7-4135-a5e2-2832351b1c6b",
    "regionName" : "header",
    "type" : "region"
  }, {
    "components" : [ {
      "componentAttributes" : {
        "customTitle" : "",
        "parentRecordId" : "{!recordId}",
        "relatedListName" : "{!relationshipApiName}",
        "showBreadCrumbs" : true,
        "showCustomTitle" : false,
        "showManualRefreshButton" : true,
        "showRowNumbers" : true
      },
      "componentName" : "forceCommunity:relatedList",
      "id" : "44bb073e-ec2a-4edf-a228-d03501b19022",
      "renderPriority" : "NEUTRAL",
      "renditionMap" : { },
      "type" : "component"
    } ],
    "id" : "a22c4385-0232-4eba-90d5-934a8f8c8005",
    "regionName" : "content",
    "type" : "region"
  }, {
    "id" : "3ebb52c2-d999-4dcd-9ed9-0654c0fbc782",
    "regionName" : "footer",
    "type" : "region"
  } ],
  "themeLayoutType" : "Inner",
  "type" : "view",
  "viewType" : "relatedlist-01t"
}