{
  "appPageId" : "5e889692-eb74-4404-8578-68f8ba3ecb63",
  "componentName" : "siteforce:dynamicLayout",
  "dataProviders" : [ ],
  "id" : "11129723-785e-4e56-a270-8e95bfeda180",
  "label" : "Promotion",
  "regions" : [ {
    "components" : [ {
      "componentAttributes" : {
        "background" : "background: rgba(0,0,0,0)",
        "backgroundOverlay" : "rgba(0,0,0,0.5)",
        "contentAreaWidth" : 100,
        "sectionConfig" : {
          "UUID" : "843e1e7e-47a2-4110-92e3-317e58313e94",
          "columns" : [ {
            "UUID" : "fee02b09-8a7f-474a-bb6a-eb4786f0d82a",
            "columnKey" : "1",
            "columnName" : "Column 1",
            "columnWidth" : "12",
            "seedComponents" : [ ]
          } ]
        },
        "sectionHeight" : 300
      },
      "componentName" : "forceCommunity:section",
      "id" : "843e1e7e-47a2-4110-92e3-317e58313e94",
      "regions" : [ {
        "components" : [ {
          "componentAttributes" : { },
          "componentName" : "c:lb2bPromotionListPage",
          "id" : "6bf8f104-cc4c-4153-8edd-e3170d76653c",
          "renderPriority" : "NEUTRAL",
          "renditionMap" : { },
          "type" : "component"
        } ],
        "id" : "fee02b09-8a7f-474a-bb6a-eb4786f0d82a",
        "regionLabel" : "Column 1",
        "regionName" : "1",
        "renditionMap" : { },
        "type" : "region"
      } ],
      "renderPriority" : "NEUTRAL",
      "renditionMap" : { },
      "type" : "component"
    } ],
    "id" : "c215ba70-df4d-4452-83fe-4038a2793a6d",
    "regionName" : "content",
    "type" : "region"
  }, {
    "components" : [ {
      "componentAttributes" : {
        "customHeadTags" : "",
        "description" : "",
        "title" : "Promotion"
      },
      "componentName" : "forceCommunity:seoAssistant",
      "id" : "4881e354-c8d9-4ce0-953b-ba881fb18c41",
      "renditionMap" : { },
      "type" : "component"
    } ],
    "id" : "47c4954e-7b5d-409a-a229-abe00cb126f0",
    "regionName" : "sfdcHiddenRegion",
    "type" : "region"
  } ],
  "themeLayoutType" : "Inner",
  "type" : "view",
  "viewType" : "custom-promotion"
}