{
  "appPageId" : "5e889692-eb74-4404-8578-68f8ba3ecb63",
  "componentName" : "siteforce:dynamicLayout",
  "dataProviders" : [ ],
  "id" : "0d0edd60-f77c-4761-8d66-7c6d893fd97a",
  "label" : "Promotionss",
  "regions" : [ {
    "components" : [ {
      "componentAttributes" : {
        "background" : "background: rgba(0,0,0,0)",
        "backgroundOverlay" : "rgba(0,0,0,0.5)",
        "contentAreaWidth" : 100,
        "sectionConfig" : {
          "UUID" : "d78d726a-2cb4-4052-8756-df9f58eb5716",
          "columns" : [ {
            "UUID" : "98b225d2-4b60-499c-b830-fd565bec8d58",
            "columnKey" : "1",
            "columnName" : "Column 1",
            "columnWidth" : "12",
            "seedComponents" : [ ]
          } ]
        },
        "sectionHeight" : 300
      },
      "componentName" : "forceCommunity:section",
      "id" : "d78d726a-2cb4-4052-8756-df9f58eb5716",
      "regions" : [ {
        "components" : [ {
          "componentAttributes" : {
            "effectiveAccountId" : "{!CurrentUser.effectiveAccountId}",
            "pageSize" : 30,
            "recordId" : "{!recordId}"
          },
          "componentName" : "c:lb2bPromotionBanner",
          "id" : "db5113bb-7d06-4b34-a3a9-83e115a5294f",
          "renderPriority" : "NEUTRAL",
          "renditionMap" : { },
          "type" : "component"
        } ],
        "id" : "98b225d2-4b60-499c-b830-fd565bec8d58",
        "regionLabel" : "Column 1",
        "regionName" : "1",
        "renditionMap" : { },
        "type" : "region"
      } ],
      "renderPriority" : "NEUTRAL",
      "renditionMap" : { },
      "type" : "component"
    } ],
    "id" : "f3f32cf0-1cb9-414d-83cf-4666f4cf18b3",
    "regionName" : "content",
    "type" : "region"
  }, {
    "components" : [ {
      "componentAttributes" : {
        "customHeadTags" : "",
        "description" : "",
        "title" : "Promotionss"
      },
      "componentName" : "forceCommunity:seoAssistant",
      "id" : "729a430b-2b37-4c1f-a312-741d3770a068",
      "renditionMap" : { },
      "type" : "component"
    } ],
    "id" : "09c60b90-5f1b-4aba-a613-9d18af7fd028",
    "regionName" : "sfdcHiddenRegion",
    "type" : "region"
  } ],
  "themeLayoutType" : "Inner",
  "type" : "view",
  "viewType" : "custom-promotionss"
}