{
  "appPageId" : "5e889692-eb74-4404-8578-68f8ba3ecb63",
  "componentName" : "siteforce:sldsOneColLayout",
  "dataProviders" : [ ],
  "id" : "bdf5de94-0591-4ae8-b908-89be0ac79a1e",
  "label" : "Quick Order",
  "regions" : [ {
    "id" : "545c5249-f942-4a67-ac68-e1923796be63",
    "regionName" : "header",
    "type" : "region"
  }, {
    "components" : [ {
      "componentAttributes" : {
        "tabsetConfig" : {
          "UUID" : "dd2adc28-c283-4f7b-8ddc-0125f3dacd04",
          "activeTab" : "",
          "tabs" : [ {
            "UUID" : "095966f3-036b-4ab6-84a0-d404cfc43d96",
            "allowGuestUser" : false,
            "locked" : false,
            "seedComponents" : [ ],
            "tabKey" : "1",
            "tabName" : "Quick Order"
          }, {
            "UUID" : "2ebdf70c-763b-40b9-a1d8-2acf56beedd3",
            "allowGuestUser" : false,
            "locked" : false,
            "seedComponents" : [ ],
            "tabKey" : "2",
            "tabName" : "CSV File Upload"
          }, {
            "UUID" : "c23f9fd3-c96b-468d-8f29-b5ff566c70df",
            "allowGuestUser" : false,
            "locked" : false,
            "seedComponents" : [ ],
            "tabKey" : "3",
            "tabName" : "Excel / Tab Entry"
          } ],
          "useOverflowMenu" : false
        }
      },
      "componentName" : "forceCommunity:tabset",
      "id" : "dd2adc28-c283-4f7b-8ddc-0125f3dacd04",
      "regions" : [ {
        "components" : [ {
          "componentAttributes" : {
            "addEntryText" : "Add Line",
            "addToCartButtonBackgroundColor" : "",
            "addToCartButtonBackgroundHoverColor" : "",
            "addToCartButtonBorderColor" : "",
            "addToCartButtonBorderRadius" : "0",
            "addToCartButtonDisabledBackgroundColor" : "rgb(201, 199, 197)",
            "addToCartButtonText" : "Add To Cart",
            "addToCartButtonTextColor" : "",
            "addToCartButtonTextHoverColor" : "",
            "numberOfLineItemsToAddEachTime" : 1,
            "numberOfLineItemsToStart" : 5,
            "productPlaceholderText" : "Item SKU",
            "productText" : "Product",
            "quantityText" : "Quantity",
            "showAddEntryIcon" : true,
            "title" : "Quick Order"
          },
          "componentName" : "b2b_buyer_builder:quickOrderPage",
          "id" : "3f168af4-c499-4e3b-9956-7377dae5fd8d",
          "renditionMap" : { },
          "type" : "component"
        } ],
        "id" : "095966f3-036b-4ab6-84a0-d404cfc43d96",
        "regionLabel" : "Quick Order",
        "regionName" : "1",
        "renditionMap" : { },
        "type" : "region"
      }, {
        "components" : [ {
          "componentAttributes" : { },
          "componentName" : "c:lb2bUploadOrder",
          "id" : "0a11fdb8-0444-423d-b451-c9d8ed1b8f54",
          "renditionMap" : { },
          "type" : "component"
        } ],
        "id" : "2ebdf70c-763b-40b9-a1d8-2acf56beedd3",
        "regionLabel" : "CSV File Upload",
        "regionName" : "2",
        "renditionMap" : { },
        "type" : "region"
      }, {
        "id" : "c23f9fd3-c96b-468d-8f29-b5ff566c70df",
        "regionLabel" : "Excel / Tab Entry",
        "regionName" : "3",
        "renditionMap" : { },
        "type" : "region"
      } ],
      "renderPriority" : "NEUTRAL",
      "renditionMap" : {
        "small" : "1a745804-160b-4c22-abdf-917a57e3a9b7"
      },
      "renditions" : [ {
        "id" : "1a745804-160b-4c22-abdf-917a57e3a9b7",
        "renditionValue" : {
          "isVisible" : false
        },
        "type" : "renditionComponent"
      } ],
      "type" : "component"
    } ],
    "id" : "0a23f537-72aa-4e8f-81e4-9a3fecdb0409",
    "regionName" : "content",
    "type" : "region"
  }, {
    "id" : "de37b509-9a1a-424d-825f-576d67679445",
    "regionName" : "footer",
    "type" : "region"
  } ],
  "themeLayoutType" : "Inner",
  "type" : "view",
  "viewType" : "quickorder"
}