{
  "appPageId" : "5e889692-eb74-4404-8578-68f8ba3ecb63",
  "componentName" : "siteforce:sldsOneColLayout",
  "dataProviders" : [ ],
  "id" : "db764269-46d3-4754-a647-eafa6009ec52",
  "label" : "Quick_Order",
  "regions" : [ {
    "id" : "c6a22242-3915-463c-a894-485f41d8ccdd",
    "regionName" : "header",
    "type" : "region"
  }, {
    "components" : [ {
      "componentAttributes" : {
        "tabsetConfig" : {
          "UUID" : "ce3f8bb5-33f1-4f97-ba15-3f0bdc50d7af",
          "activeTab" : "",
          "tabs" : [ {
            "UUID" : "05d66d1d-2c91-481e-90c1-ea1e4e00b19d",
            "allowGuestUser" : false,
            "locked" : false,
            "seedComponents" : [ ],
            "tabKey" : "8ba0c",
            "tabName" : "Quick Entry"
          }, {
            "UUID" : "55c33b63-77f4-406f-be5d-98079cbfb54b",
            "allowGuestUser" : true,
            "locked" : false,
            "seedComponents" : [ ],
            "tabKey" : "fbaee",
            "tabName" : "Copy / Paste"
          }, {
            "UUID" : "168043ea-e725-4c7a-ac3f-be5a03ab9641",
            "allowGuestUser" : false,
            "locked" : false,
            "seedComponents" : [ ],
            "tabKey" : "2",
            "tabName" : "Upload CSV"
          } ],
          "useOverflowMenu" : false
        }
      },
      "componentName" : "forceCommunity:tabset",
      "id" : "ce3f8bb5-33f1-4f97-ba15-3f0bdc50d7af",
      "regions" : [ {
        "components" : [ {
          "componentAttributes" : { },
          "componentName" : "c:lb2bQuickEntry",
          "id" : "f097e2a9-f8f3-4504-af09-63900a89bad7",
          "renditionMap" : { },
          "type" : "component"
        } ],
        "id" : "05d66d1d-2c91-481e-90c1-ea1e4e00b19d",
        "regionLabel" : "Quick Entry",
        "regionName" : "8ba0c",
        "renditionMap" : { },
        "type" : "region"
      }, {
        "components" : [ {
          "componentAttributes" : { },
          "componentName" : "c:lb2bCopyPasteOrder",
          "id" : "51be6dfd-b74a-4dc3-bd62-e42b96324185",
          "renditionMap" : { },
          "type" : "component"
        } ],
        "id" : "55c33b63-77f4-406f-be5d-98079cbfb54b",
        "regionLabel" : "Copy / Paste",
        "regionName" : "fbaee",
        "renditionMap" : { },
        "type" : "region"
      }, {
        "components" : [ {
          "componentAttributes" : { },
          "componentName" : "c:lb2bUploadOrder",
          "id" : "d6ed8037-c0de-46e2-b3c9-ea623deb72bb",
          "renditionMap" : {
            "small" : "d3678cfa-d27b-4722-919e-35f07cb8072b"
          },
          "renditions" : [ {
            "id" : "d3678cfa-d27b-4722-919e-35f07cb8072b",
            "renditionValue" : {
              "isVisible" : false
            },
            "type" : "renditionComponent"
          } ],
          "type" : "component"
        } ],
        "id" : "168043ea-e725-4c7a-ac3f-be5a03ab9641",
        "regionLabel" : "Upload CSV",
        "regionName" : "2",
        "renditionMap" : { },
        "type" : "region"
      } ],
      "renderPriority" : "NEUTRAL",
      "renditionMap" : {
        "small" : "1d80160b-5f7c-4e95-b697-03e82da7452e"
      },
      "renditions" : [ {
        "id" : "1d80160b-5f7c-4e95-b697-03e82da7452e",
        "renditionValue" : {
          "isVisible" : true
        },
        "type" : "renditionComponent"
      } ],
      "type" : "component"
    }, {
      "componentAttributes" : {
        "tabsetConfig" : {
          "UUID" : "07c83dd9-0330-429c-8d8d-be049c6e183f",
          "activeTab" : "",
          "tabs" : [ {
            "UUID" : "bb71a870-6386-4c09-a4fb-effa5a327001",
            "allowGuestUser" : false,
            "locked" : false,
            "seedComponents" : [ ],
            "tabKey" : "8ba0c",
            "tabName" : "Quick Entry"
          }, {
            "UUID" : "a2ddb1ec-3d95-458e-b3d3-d21f3e3344cc",
            "allowGuestUser" : true,
            "locked" : false,
            "seedComponents" : [ ],
            "tabKey" : "fbaee",
            "tabName" : "Copy / Paste"
          }, {
            "UUID" : "d1a1da2e-8ba4-4797-a67b-ce1b42af7d23",
            "allowGuestUser" : false,
            "locked" : false,
            "seedComponents" : [ ],
            "tabKey" : "2",
            "tabName" : "Upload CSV"
          }, {
            "UUID" : "d5f74472-b8bc-48fe-ad9d-36bda4865102",
            "allowGuestUser" : false,
            "locked" : false,
            "seedComponents" : [ ],
            "tabKey" : "ee12d",
            "tabName" : "Submit PO Request"
          } ],
          "useOverflowMenu" : false
        }
      },
      "componentName" : "forceCommunity:tabset",
      "id" : "07c83dd9-0330-429c-8d8d-be049c6e183f",
      "regions" : [ {
        "components" : [ {
          "componentAttributes" : { },
          "componentName" : "c:lb2bQuickEntry",
          "id" : "e5438764-a11d-436e-873f-ea2774c1f7c7",
          "renditionMap" : { },
          "type" : "component"
        } ],
        "id" : "bb71a870-6386-4c09-a4fb-effa5a327001",
        "regionLabel" : "Quick Entry",
        "regionName" : "8ba0c",
        "renditionMap" : { },
        "type" : "region"
      }, {
        "components" : [ {
          "componentAttributes" : { },
          "componentName" : "c:lb2bCopyPasteOrder",
          "id" : "25f1780b-2ba5-4802-aa06-6c48893f7ac3",
          "renditionMap" : { },
          "type" : "component"
        } ],
        "id" : "a2ddb1ec-3d95-458e-b3d3-d21f3e3344cc",
        "regionLabel" : "Copy / Paste",
        "regionName" : "fbaee",
        "renditionMap" : { },
        "type" : "region"
      }, {
        "components" : [ {
          "componentAttributes" : { },
          "componentName" : "c:lb2bUploadOrder",
          "id" : "56ac61c7-8cdc-45a4-b281-779fc6b74766",
          "renditionMap" : { },
          "type" : "component"
        } ],
        "id" : "d1a1da2e-8ba4-4797-a67b-ce1b42af7d23",
        "regionLabel" : "Upload CSV",
        "regionName" : "2",
        "renditionMap" : { },
        "type" : "region"
      }, {
        "components" : [ {
          "componentAttributes" : { },
          "componentName" : "c:lb2bSubmitPoRequest",
          "id" : "285acc23-6f8d-4fce-a2b7-d5f0c81662d0",
          "renditionMap" : { },
          "type" : "component"
        } ],
        "id" : "d5f74472-b8bc-48fe-ad9d-36bda4865102",
        "regionLabel" : "Submit PO Request",
        "regionName" : "ee12d",
        "renditionMap" : { },
        "type" : "region"
      } ],
      "renderPriority" : "NEUTRAL",
      "renditionMap" : {
        "small" : "ed7f6c08-91a2-4698-9811-8fafe6f5aa97"
      },
      "renditions" : [ {
        "id" : "ed7f6c08-91a2-4698-9811-8fafe6f5aa97",
        "renditionValue" : {
          "isVisible" : true
        },
        "type" : "renditionComponent"
      } ],
      "type" : "component"
    } ],
    "id" : "f2de181c-a492-4100-9ae5-1c5827028a20",
    "regionName" : "content",
    "type" : "region"
  }, {
    "components" : [ {
      "componentAttributes" : {
        "effectiveAccountId" : "{!CurrentUser.effectiveAccountId}"
      },
      "componentName" : "c:lb2bQuickGetPrice",
      "id" : "3f399d1d-dbb0-43b2-a89b-62f8cb79ca11",
      "renderPriority" : "NEUTRAL",
      "renditionMap" : { },
      "type" : "component"
    } ],
    "id" : "0b3fd7f0-ad98-4ede-bc9a-a68f4a3f168d",
    "regionName" : "footer",
    "type" : "region"
  }, {
    "components" : [ {
      "componentAttributes" : {
        "customHeadTags" : "",
        "description" : "",
        "title" : "Quick_Order"
      },
      "componentName" : "forceCommunity:seoAssistant",
      "id" : "69fc730e-9452-49ce-bde4-454ac7a61620",
      "renditionMap" : { },
      "type" : "component"
    } ],
    "id" : "7cbf3bef-5e57-45ac-bfda-84a886c56e20",
    "regionName" : "sfdcHiddenRegion",
    "type" : "region"
  } ],
  "themeLayoutType" : "Inner",
  "type" : "view",
  "viewType" : "custom-quick-order"
}