{
  "appPageId" : "5e889692-eb74-4404-8578-68f8ba3ecb63",
  "componentName" : "siteforce:sldsOneColLayout",
  "dataProviders" : [ ],
  "id" : "7a70f612-0b04-441d-af49-2c85e4ced58b",
  "label" : "Record List",
  "regions" : [ {
    "id" : "78fcf483-1562-430a-a200-1a52b2a8f2a9",
    "regionName" : "header",
    "type" : "region"
  }, {
    "id" : "398823cc-c9b4-4690-ad1e-96b20b77c2f6",
    "regionName" : "content",
    "type" : "region"
  }, {
    "id" : "830f1f6e-7e83-42ef-a472-299c309db51d",
    "regionName" : "footer",
    "type" : "region"
  } ],
  "themeLayoutType" : "Inner",
  "type" : "view",
  "viewType" : "list"
}