{
  "appPageId" : "5e889692-eb74-4404-8578-68f8ba3ecb63",
  "componentName" : "siteforce:sldsOneColLayout",
  "dataProviders" : [ ],
  "id" : "72d4e994-19d8-4640-9044-800bd908e48b",
  "label" : "Record Detail",
  "regions" : [ {
    "id" : "c2452c4e-ce08-4c6a-8b1f-796857fe8bf2",
    "regionName" : "header",
    "type" : "region"
  }, {
    "components" : [ {
      "componentAttributes" : {
        "recordId" : "{!recordId}"
      },
      "componentName" : "forceCommunity:recordHeadline",
      "id" : "b9d362f2-4d4a-42c8-90d8-1c0fee3db26b",
      "renderPriority" : "NEUTRAL",
      "renditionMap" : { },
      "type" : "component"
    }, {
      "componentAttributes" : {
        "detailsTabLabel" : "Details",
        "discussionsTabLabel" : "Feed",
        "recordId" : "{!recordId}",
        "relatedTabLabel" : "Related",
        "tab1Type" : "details",
        "tab2Type" : "related",
        "tab3Type" : "chatter",
        "tab4Type" : "none",
        "timelineTabLabel" : "Activity"
      },
      "componentName" : "forceCommunity:recordHomeTabs",
      "id" : "34f81019-dc6d-4829-80a6-909661fe9418",
      "renderPriority" : "NEUTRAL",
      "renditionMap" : { },
      "type" : "component"
    } ],
    "id" : "d9d7dc9c-e837-4850-b7cb-fbba004a836d",
    "regionName" : "content",
    "type" : "region"
  }, {
    "id" : "01274e28-77ef-4aae-a189-33aadfec0f00",
    "regionName" : "footer",
    "type" : "region"
  }, {
    "components" : [ {
      "componentAttributes" : {
        "customHeadTags" : "",
        "description" : "",
        "title" : "{!Record._Object}: {!Record._Title}"
      },
      "componentName" : "forceCommunity:seoAssistant",
      "id" : "d75dd528-9d26-42ba-92b3-4490a0bff70d",
      "renditionMap" : { },
      "type" : "component"
    } ],
    "id" : "35716ad9-278f-4f98-8307-d20aca8dc2de",
    "regionName" : "sfdcHiddenRegion",
    "type" : "region"
  } ],
  "themeLayoutType" : "Inner",
  "type" : "view",
  "viewType" : "detail"
}