{
  "appPageId" : "468f63c0-a528-4c32-88ec-834a56f7f623",
  "componentName" : "siteforce:sldsOneColLayout",
  "dataProviders" : [ ],
  "id" : "662f7ce0-14f6-4944-9ce6-d360bf35b57f",
  "label" : "Register",
  "regions" : [ {
    "components" : [ {
      "componentAttributes" : { },
      "componentName" : "salesforceIdentity:communityLogo2",
      "id" : "dfce5a0a-b209-4792-ac93-bf83ca37d128",
      "renderPriority" : "NEUTRAL",
      "renditionMap" : { },
      "type" : "component"
    }, {
      "componentAttributes" : {
        "richTextValue" : "<div style=\"text-align: center;\" class=\"inverseTextColor\">Join the community to receive personalized information and customer support.</div>"
      },
      "componentName" : "forceCommunity:richTextInline",
      "id" : "fde39ece-b252-41c3-86ea-e01aee6ac6fc",
      "renderPriority" : "NEUTRAL",
      "renditionMap" : { },
      "type" : "component"
    }, {
      "componentAttributes" : {
        "confirmPasswordLabel" : "Confirm Password",
        "emailLabel" : "Email",
        "extraFieldsFieldSet" : "",
        "firstnameLabel" : "First Name",
        "includePasswordField" : false,
        "lastnameLabel" : "Last Name",
        "passwordLabel" : "Create Password",
        "regConfirmUrl" : "./CheckPasswordResetEmail",
        "startUrl" : "",
        "submitButtonLabel" : "Sign Up"
      },
      "componentName" : "salesforceIdentity:selfRegister2",
      "id" : "575a36c2-982e-43fa-b492-db2053606410",
      "renderPriority" : "NEUTRAL",
      "renditionMap" : { },
      "type" : "component"
    }, {
      "componentAttributes" : {
        "headerText" : "",
        "showHeader" : false,
        "useCommunityDomainSso" : false
      },
      "componentName" : "salesforceIdentity:socialLogin2",
      "id" : "a265da3f-02c2-4cdd-8637-7d62c1d30e09",
      "renderPriority" : "NEUTRAL",
      "renditionMap" : { },
      "type" : "component"
    }, {
      "componentAttributes" : {
        "richTextValue" : "<div style=\"text-align: center;\"><a class=\"inverseTextColor\" href=\"./\">Already have an account?</a></div>"
      },
      "componentName" : "forceCommunity:richTextInline",
      "id" : "cc9f5a2c-370c-4210-963b-3f37e7ec8135",
      "renderPriority" : "NEUTRAL",
      "renditionMap" : { },
      "type" : "component"
    } ],
    "id" : "0773dced-f405-4ac4-929f-01055718f25a",
    "regionName" : "content",
    "type" : "region"
  }, {
    "components" : [ {
      "componentAttributes" : {
        "customHeadTags" : "",
        "description" : "",
        "title" : "Register"
      },
      "componentName" : "forceCommunity:seoAssistant",
      "id" : "23e63908-86c5-4f89-b2a5-54021179ddf6",
      "renditionMap" : { },
      "type" : "component"
    } ],
    "id" : "d1a9c9a8-83a1-423e-9516-63059dbdff74",
    "regionName" : "sfdcHiddenRegion",
    "type" : "region"
  } ],
  "themeLayoutType" : "Login",
  "type" : "view",
  "viewType" : "self-register"
}