{
  "appPageId" : "5e889692-eb74-4404-8578-68f8ba3ecb63",
  "componentName" : "siteforce:sldsOneColLayout",
  "dataProviders" : [ ],
  "id" : "889ed624-fd5b-4598-a493-af493477a7a5",
  "label" : "Releases",
  "regions" : [ {
    "id" : "ae114629-4a6e-4286-a4e9-5a46e5affc59",
    "regionName" : "header",
    "type" : "region"
  }, {
    "components" : [ {
      "componentAttributes" : {
        "contentType" : "Releases"
      },
      "componentName" : "c:lb2bContentBlockContainer",
      "id" : "528a7275-cf89-4109-bc62-209350b9ace4",
      "renderPriority" : "NEUTRAL",
      "renditionMap" : { },
      "type" : "component"
    } ],
    "id" : "ba8f2fff-fbc0-4afc-bd9f-fd6f5b85b034",
    "regionName" : "content",
    "type" : "region"
  }, {
    "components" : [ {
      "componentAttributes" : {
        "contentType" : "About Us"
      },
      "componentName" : "c:lb2bContentBlockContainer",
      "id" : "c8414801-ea48-46d7-bce0-a69bd1df2d9a",
      "renderPriority" : "NEUTRAL",
      "renditionMap" : { },
      "type" : "component"
    } ],
    "id" : "9bacaad7-0287-47f8-9054-ca1dde56280e",
    "regionName" : "sidebar",
    "type" : "region"
  }, {
    "id" : "563deede-c746-4ff3-8b72-972e1a37de11",
    "regionName" : "footer",
    "type" : "region"
  }, {
    "components" : [ {
      "componentAttributes" : {
        "customHeadTags" : "",
        "description" : "",
        "title" : "Releases"
      },
      "componentName" : "forceCommunity:seoAssistant",
      "id" : "f7785d45-664f-4909-876c-c55b066e5ec9",
      "renditionMap" : { },
      "type" : "component"
    } ],
    "id" : "6530c58b-05f0-45a5-be25-8d2bb43f18a1",
    "regionName" : "sfdcHiddenRegion",
    "type" : "region"
  } ],
  "themeLayoutType" : "Inner",
  "type" : "view",
  "viewType" : "custom-releases"
}