{
  "appPageId" : "5e889692-eb74-4404-8578-68f8ba3ecb63",
  "componentName" : "siteforce:sldsOneColLayout",
  "dataProviders" : [ ],
  "id" : "512b2864-6e48-4407-ae3b-2f2aa1cf33d3",
  "label" : "SBD365 Promotion Related List",
  "regions" : [ {
    "id" : "2fc10735-65d8-47c0-933d-99c8cf5ff8c6",
    "regionName" : "header",
    "type" : "region"
  }, {
    "components" : [ {
      "componentAttributes" : {
        "customTitle" : "",
        "parentRecordId" : "{!recordId}",
        "relatedListName" : "{!relationshipApiName}",
        "showBreadCrumbs" : true,
        "showCustomTitle" : false,
        "showManualRefreshButton" : true,
        "showRowNumbers" : true
      },
      "componentName" : "forceCommunity:relatedList",
      "id" : "25b4b1c6-e666-42d8-9c21-8b4a6c16101f",
      "renderPriority" : "NEUTRAL",
      "renditionMap" : { },
      "type" : "component"
    } ],
    "id" : "d4a5df44-7de1-4c72-8c92-91943e382f89",
    "regionName" : "content",
    "type" : "region"
  }, {
    "id" : "b3eb67d6-3cba-4899-a817-84ff9487d938",
    "regionName" : "footer",
    "type" : "region"
  } ],
  "themeLayoutType" : "Inner",
  "type" : "view",
  "viewType" : "relatedlist-aAr"
}