{
  "appPageId" : "5e889692-eb74-4404-8578-68f8ba3ecb63",
  "componentName" : "siteforce:sldsOneColLayout",
  "dataProviders" : [ ],
  "id" : "388a24e5-722f-4146-b718-418d25574304",
  "label" : "SBD365 Promotion Detail",
  "regions" : [ {
    "id" : "d7a63135-a778-4246-aa23-7616b894ef8f",
    "regionName" : "header",
    "type" : "region"
  }, {
    "components" : [ {
      "componentAttributes" : { },
      "componentName" : "c:lb2bPromotionBanner",
      "id" : "f44fa815-5ffa-4067-aef1-f49ff1e7e844",
      "renderPriority" : "NEUTRAL",
      "renditionMap" : { },
      "type" : "component"
    } ],
    "id" : "7ba7a854-6e71-45d8-b1ab-6f49b0cd8464",
    "regionName" : "content",
    "type" : "region"
  }, {
    "id" : "35fa311d-424e-44f2-821c-54ce8b8eec5d",
    "regionName" : "footer",
    "type" : "region"
  }, {
    "components" : [ {
      "componentAttributes" : {
        "customHeadTags" : "",
        "description" : "",
        "title" : "{!Record._Object}: {!Record._Title}"
      },
      "componentName" : "forceCommunity:seoAssistant",
      "id" : "65aa4684-3d68-4d38-98de-461712787717",
      "renditionMap" : { },
      "type" : "component"
    } ],
    "id" : "53c8b298-794c-4177-afc5-d1fbb0204705",
    "regionName" : "sfdcHiddenRegion",
    "type" : "region"
  } ],
  "themeLayoutType" : "Inner",
  "type" : "view",
  "viewType" : "detail-aAr"
}