{
  "appPageId" : "5e889692-eb74-4404-8578-68f8ba3ecb63",
  "componentName" : "siteforce:sldsOneColLayout",
  "dataProviders" : [ ],
  "id" : "b32b3fde-543b-4604-8267-aa564f0135b9",
  "label" : "SBD365 Promotion List",
  "regions" : [ {
    "id" : "74f30cb2-0ca5-4d46-9864-ee3d736e3a3f",
    "regionName" : "header",
    "type" : "region"
  }, {
    "id" : "75026055-7816-4168-852e-82f6abf3e2c3",
    "regionName" : "content",
    "type" : "region"
  }, {
    "id" : "20fc9d83-d495-49b9-9417-2b9f2fe9b442",
    "regionName" : "footer",
    "type" : "region"
  } ],
  "themeLayoutType" : "Inner",
  "type" : "view",
  "viewType" : "list-aAr"
}