{
  "appPageId" : "5e889692-eb74-4404-8578-68f8ba3ecb63",
  "componentName" : "siteforce:dynamicLayout",
  "dataProviders" : [ ],
  "id" : "eaf88c1e-0250-4034-abf7-899a36cfec22",
  "label" : "SBD Community",
  "regions" : [ {
    "components" : [ {
      "componentAttributes" : {
        "background" : "background: rgba(0,0,0,0)",
        "backgroundOverlay" : "rgba(0,0,0,0.5)",
        "contentAreaWidth" : 100,
        "sectionConfig" : {
          "UUID" : "d3a03103-82da-4888-ae71-6ec5e887bb9c",
          "columns" : [ {
            "UUID" : "39eaef58-7d34-4318-a182-c205fbced803",
            "columnKey" : "1",
            "columnName" : "Column 1",
            "columnWidth" : "12",
            "seedComponents" : [ ]
          } ]
        },
        "sectionHeight" : 300
      },
      "componentName" : "forceCommunity:section",
      "id" : "d3a03103-82da-4888-ae71-6ec5e887bb9c",
      "regions" : [ {
        "id" : "39eaef58-7d34-4318-a182-c205fbced803",
        "regionLabel" : "Column 1",
        "regionName" : "1",
        "renditionMap" : { },
        "type" : "region"
      } ],
      "renderPriority" : "NEUTRAL",
      "renditionMap" : { },
      "type" : "component"
    } ],
    "id" : "624fdb3b-b65c-4f1f-9f06-44812d6a7c88",
    "regionName" : "content",
    "type" : "region"
  }, {
    "components" : [ {
      "componentAttributes" : {
        "customHeadTags" : "",
        "description" : "",
        "title" : "SBD Community"
      },
      "componentName" : "forceCommunity:seoAssistant",
      "id" : "da396e10-551a-4be7-ab72-6319e8d4d549",
      "renditionMap" : { },
      "type" : "component"
    } ],
    "id" : "16a17b89-c259-456d-8418-ebf00f95b89b",
    "regionName" : "sfdcHiddenRegion",
    "type" : "region"
  } ],
  "themeLayoutType" : "Inner",
  "type" : "view",
  "viewType" : "custom-sbd-community"
}