{
  "appPageId" : "5e889692-eb74-4404-8578-68f8ba3ecb63",
  "componentName" : "siteforce:sldsOneColLayout",
  "dataProviders" : [ ],
  "id" : "f2e139b2-014b-41db-9cde-58c133d91d59",
  "label" : "Service Not Available",
  "regions" : [ {
    "components" : [ {
      "componentAttributes" : {
        "richTextValue" : "<div style='display: flex; align-items: center; flex-direction: column; margin: 60px 25px 40px 25px;'><div style='background: url(/sfsites/assets/Images/serviceNotAvailable/serviceNotAvailable.svg) center no-repeat; background-size: contain; height: 331px; width: 100%; max-width: 538px;'></div></div><div style='margin: 0 25px; text-align: center;'><h1><b style='font-size: 2em'>Looks like the site is temporarily unavailable</b></h1><br/><p><span style='font-size: 1.5em;'>Please try again in a bit.</span></p></div>"
      },
      "componentName" : "forceCommunity:htmlBlock",
      "id" : "07cbb1d2-296e-44eb-b54e-1b19682e3230",
      "renderPriority" : "NEUTRAL",
      "renditionMap" : { },
      "type" : "component"
    } ],
    "id" : "a2fe3a6e-d56e-4a51-8166-adfd2aacc56b",
    "regionName" : "content",
    "type" : "region"
  } ],
  "themeLayoutType" : "ServiceNotAvailable",
  "type" : "view",
  "viewType" : "service-not-available"
}