{
  "appPageId" : "5e889692-eb74-4404-8578-68f8ba3ecb63",
  "componentName" : "siteforce:dynamicLayout",
  "dataProviders" : [ ],
  "id" : "17fea52c-e78f-461e-9ad8-7164e8fd20ce",
  "label" : "Terms of Use",
  "regions" : [ {
    "components" : [ {
      "componentAttributes" : {
        "background" : "background: rgba(0,0,0,0)",
        "backgroundOverlay" : "rgba(0,0,0,0.5)",
        "contentAreaWidth" : 100,
        "sectionConfig" : {
          "UUID" : "17b75e97-9b69-4146-aa33-8f703fb7ce0d",
          "columns" : [ {
            "UUID" : "63c17778-002a-4b18-9b0a-35750401b9a7",
            "columnKey" : "1",
            "columnName" : "Column 1",
            "columnWidth" : "12",
            "seedComponents" : [ ]
          } ]
        },
        "sectionHeight" : 300
      },
      "componentName" : "forceCommunity:section",
      "id" : "17b75e97-9b69-4146-aa33-8f703fb7ce0d",
      "regions" : [ {
        "components" : [ {
          "componentAttributes" : {
            "contentType" : "Terms of Use"
          },
          "componentName" : "c:lb2bContentBlockContainer",
          "id" : "d26a6f55-26a6-48cc-bff0-549ada3334d1",
          "renderPriority" : "NEUTRAL",
          "renditionMap" : {
            "es_mx" : "07d2b055-9e0f-4d42-a6ba-1c6de78d41aa"
          },
          "renditions" : [ {
            "id" : "07d2b055-9e0f-4d42-a6ba-1c6de78d41aa",
            "renditionValue" : {
              "componentAttributes" : {
                "contentType" : "Terms of Use"
              }
            },
            "type" : "renditionComponent"
          } ],
          "type" : "component"
        } ],
        "id" : "63c17778-002a-4b18-9b0a-35750401b9a7",
        "regionLabel" : "Column 1",
        "regionName" : "1",
        "renditionMap" : { },
        "type" : "region"
      } ],
      "renderPriority" : "NEUTRAL",
      "renditionMap" : { },
      "type" : "component"
    } ],
    "id" : "2c8330e7-138c-4d21-9f8e-1d708ba29eff",
    "regionName" : "content",
    "type" : "region"
  }, {
    "components" : [ {
      "componentAttributes" : {
        "customHeadTags" : "",
        "description" : "",
        "title" : "Terms of Use"
      },
      "componentName" : "forceCommunity:seoAssistant",
      "id" : "b6add666-e014-4dc8-91cd-229353bfe398",
      "renditionMap" : { },
      "type" : "component"
    } ],
    "id" : "eae4650c-ad7c-4b40-a688-3f2a38b5aea2",
    "regionName" : "sfdcHiddenRegion",
    "type" : "region"
  } ],
  "themeLayoutType" : "Inner",
  "type" : "view",
  "viewType" : "custom-terms-of-use"
}