{
  "appPageId" : "5e889692-eb74-4404-8578-68f8ba3ecb63",
  "componentName" : "siteforce:dynamicLayout",
  "dataProviders" : [ ],
  "id" : "786d935e-e3b2-4f7e-ba62-1cfb8855de19",
  "label" : "TestingPage",
  "regions" : [ {
    "components" : [ {
      "componentAttributes" : {
        "background" : "background: rgba(0,0,0,0)",
        "backgroundOverlay" : "rgba(0,0,0,0.5)",
        "contentAreaWidth" : 100,
        "sectionConfig" : {
          "UUID" : "5b0c2aff-c026-49d2-88f5-9b312ec8c68c",
          "columns" : [ {
            "UUID" : "c3f00880-dfd5-4026-98ae-655773ddf688",
            "columnKey" : "1",
            "columnName" : "Column 1",
            "columnWidth" : "12",
            "seedComponents" : [ ]
          } ]
        },
        "sectionHeight" : 300
      },
      "componentName" : "forceCommunity:section",
      "id" : "5b0c2aff-c026-49d2-88f5-9b312ec8c68c",
      "regions" : [ {
        "components" : [ {
          "componentAttributes" : { },
          "componentName" : "c:mcTest",
          "id" : "3e9d4150-642c-49a6-86f6-cc4b45060d82",
          "renderPriority" : "NEUTRAL",
          "renditionMap" : { },
          "type" : "component"
        } ],
        "id" : "c3f00880-dfd5-4026-98ae-655773ddf688",
        "regionLabel" : "Column 1",
        "regionName" : "1",
        "renditionMap" : { },
        "type" : "region"
      } ],
      "renderPriority" : "NEUTRAL",
      "renditionMap" : { },
      "type" : "component"
    } ],
    "id" : "a18f6a83-08f9-4238-9003-a0d7d0b8155c",
    "regionName" : "content",
    "type" : "region"
  }, {
    "components" : [ {
      "componentAttributes" : {
        "customHeadTags" : "",
        "description" : "",
        "title" : "TestingPage"
      },
      "componentName" : "forceCommunity:seoAssistant",
      "id" : "a133d215-d125-4ce7-b609-e934333ed0bc",
      "renditionMap" : { },
      "type" : "component"
    } ],
    "id" : "a74a1341-3022-493c-bbab-422815b388eb",
    "regionName" : "sfdcHiddenRegion",
    "type" : "region"
  } ],
  "themeLayoutType" : "Inner",
  "type" : "view",
  "viewType" : "custom-testingpage"
}