{
  "appPageId" : "5e889692-eb74-4404-8578-68f8ba3ecb63",
  "componentName" : "siteforce:sldsOneColLayout",
  "dataProviders" : [ ],
  "id" : "db852ba1-f154-4873-a137-6dd4893a668d",
  "label" : "User Settings",
  "regions" : [ {
    "id" : "9bb9f128-598e-4cd9-a77a-fafa0b82681d",
    "regionName" : "header",
    "type" : "region"
  }, {
    "components" : [ {
      "componentAttributes" : {
        "accountSectionTitle" : "ACCOUNT",
        "accountTabName" : "Account Details",
        "connectedSourcesTabName" : "",
        "emailNotificationsTitle" : "EMAIL NOTIFICATIONS",
        "emailSectionDescText" : "When email notifications are enabled, email me when someone:",
        "hideChatterNotificationSettings" : true,
        "hideConnectedSources" : false,
        "hideEmailNotificationSettings" : true,
        "hideProfileVisibilitySettings" : true,
        "id" : "{!recordId}",
        "locationTitle" : "LOCATION",
        "profileSectionDescText" : "Customize who is able to see what on your profile page",
        "profileSectionToolTipText" : "Restricted: Visible to the employees of the company that created the site. Members: Visible to logged-in members. Public: Visible to anyone viewing pages that don't require login.",
        "profileVisibilityTitle" : "Profile Visibility",
        "settingsPageTitle" : "Settings"
      },
      "componentName" : "forceCommunity:userSettingsCustomizable",
      "id" : "e9b45320-2ab9-400b-826b-a16b81c624c4",
      "renderPriority" : "NEUTRAL",
      "renditionMap" : { },
      "type" : "component"
    } ],
    "id" : "778f3774-28b0-4d8b-a8b7-4efd6d48595b",
    "regionName" : "content",
    "type" : "region"
  }, {
    "id" : "895e21d1-77c2-4b1b-bf56-43bc1feaf7b7",
    "regionName" : "footer",
    "type" : "region"
  } ],
  "themeLayoutType" : "Inner",
  "type" : "view",
  "viewType" : "usersettings"
}