{
  "appPageId" : "5e889692-eb74-4404-8578-68f8ba3ecb63",
  "componentName" : "siteforce:sldsOneColLayout",
  "dataProviders" : [ ],
  "id" : "013a3828-c0c8-41c2-8de0-d4c4307263ad",
  "label" : "Whats-New",
  "regions" : [ {
    "id" : "e5666742-e8d8-44ed-a432-1081278b579d",
    "regionName" : "header",
    "type" : "region"
  }, {
    "components" : [ {
      "componentAttributes" : {
        "contentType" : "Whats-New"
      },
      "componentName" : "c:lb2bContentBlockContainer",
      "id" : "bfc02815-81af-4211-a090-e05f2d2f265e",
      "renderPriority" : "NEUTRAL",
      "renditionMap" : { },
      "type" : "component"
    } ],
    "id" : "6f64dac4-c610-4bc6-baba-2c538fd437b4",
    "regionName" : "content",
    "type" : "region"
  }, {
    "id" : "6cfa97a2-3d6d-4646-ad7e-2771c9b192af",
    "regionName" : "footer",
    "type" : "region"
  }, {
    "components" : [ {
      "componentAttributes" : {
        "customHeadTags" : "",
        "description" : "",
        "title" : "Whats-New"
      },
      "componentName" : "forceCommunity:seoAssistant",
      "id" : "5b4dd993-9b9d-42be-8b23-c1cb16a72599",
      "renditionMap" : { },
      "type" : "component"
    } ],
    "id" : "c49c20e8-2c2f-4a55-9081-be9158bfb3bb",
    "regionName" : "sfdcHiddenRegion",
    "type" : "region"
  } ],
  "themeLayoutType" : "Inner",
  "type" : "view",
  "viewType" : "custom-whats-new"
}